word,count
work,2251
time,1747
blow,1393
cord,1284
heat,1273
price,1167
air,929
purchase,902
power,826
travel,696
speed,644
look,632
button,615
size,499
conair,478
order,448
model,436
quality,430
wife,427
style,417
minute,415
unit,406
wall,403
problem,403
bathroom,395
money,388
hand,388
feature,356
home,340
attachment,338
color,326
item,325
bit,318
star,317
try,316
hotel,309
week,308
mount,308
light,308
switch,303
feel,277
diffuser,274
weight,273
daughter,272
works,264
brand,260
handle,254
something,248
return,247
cool,243
control,242
amazon,240
store,233
temperature,229
medium,225
plug,224
fan,223
need,222
night,220
half,218
end,216
place,215
head,214
issue,212
difference,211
break,206
design,200
space,194
brush,189
turn,186
length,185
voltage,184
reason,184
salon,183
option,183
hold,182
think,179
anyone,177
others,175
change,173
complaint,169
dry,167
replacement,165
part,164
thick,161
start,161
anything,161
trip,159
people,159
damage,153
pay,152
motor,151
deal,151
frizz,149
help,148
dries,148
volume,145
iron,140
fact,140
side,139
shot,139
bonnet,139
result,138
cost,138
nothing,137
morning,137
everything,137
burn,137
remington,132
fast,131
box,131
fit,130
warranty,128
noise,128
stop,127
room,125
die,125
blowdryer,125
gift,124
concentrator,123
mine,122
kind,122
ion,122
make,121
watt,120
level,120
hang,120
value,119
plastic,119
flow,119
base,119
pack,117
curl,116
smell,115
recommend,114
life,114
hairdryers,110
cut,110
amount,108
retract,107
comb,107
friend,106
husband,105
case,105
stay,104
fine,104
someone,103
compare,102
point,101
perfect,99
blower,99
move,98
house,98
waste,97
sound,97
convenient,97
arm,97
shoulder,96
outlet,96
andis,96
type,94
revlon,94
notice,94
thanks,93
customer,93
counter,93
service,91
find,91
company,90
cause,89
fall,88
couple,88
thank,87
hop,87
guess,87
see,86
picture,86
function,86
version,84
course,84
bag,84
piece,83
today,82
storage,82
body,82
roller,81
mention,81
filter,81
wattage,80
figure,80
take,79
performance,78
min,78
hour,78
fire,78
seller,77
hope,76
technology,75
experience,75
expectation,75
disappoint,75
loud,74
christmas,73
line,71
grip,71
finger,71
drier,71
area,71
water,70
tell,70
stylist,70
delivery,70
worth,69
state,69
research,69
mom,69
description,69
drop,68
glad,67
round,66
comment,66
choice,66
wind,65
t3,65
everyone,65
win,64
vacation,64
temp,64
sister,63
frizzy,63
condition,63
come,63
wait,62
tourmaline,62
push,62
idea,62
family,62
sit,61
keep,61
set,60
process,60
position,59
mirror,59
tool,58
right,58
number,58
turbo,57
surprise,57
super,57
spot,57
market,57
manufacturer,57
drawer,57
spark,56
compact,56
bath,56
ship,55
excellent,54
amaze,54
woman,53
shine,53
face,53
dog,53
decide,53
cold,53
claim,53
warm,52
beauty,52
range,51
please,51
person,51
oil,51
let,51
force,51
bulky,51
want,50
skin,50
quieter,50
matter,50
europe,50
slide,49
search,49
package,49
shiny,48
chi,48
care,48
tire,47
test,47
shipping,47
none,47
noisy,47
name,47
install,47
appliance,47
addition,47
stand,46
smooth,46
mind,46
hood,46
wash,45
shape,45
section,45
rating,45
mother,45
lightweight,45
inch,45
wire,44
show,44
scalp,44
press,44
overheat,44
fold,44
drying,44
cover,44
contact,44
cons,44
con,44
blast,44
quit,43
plenty,43
direction,43
call,43
pros,42
lint,42
girl,42
dollar,42
cheap,42
bonus,42
suitcase,41
read,41
hairdresser,41
eye,41
device,41
concern,41
touch,40
manage,40
guy,40
cute,40
bill,40
baby,40
trouble,39
tangle,39
spend,39
nozzle,39
nice,39
investment,39
instruction,39
foot,39
breaker,39
note,38
hook,38
deliver,38
convenience,38
bracket,38
strength,37
pink,37
heavy,37
guest,37
country,37
vanity,36
target,36
stick,36
shop,36
pull,36
period,36
packaging,36
mean,36
hole,36
floor,36
beat,36
ask,36
yes,35
wrap,35
tools,35
sassoon,35
penny,35
machine,35
dust,35
chance,35
styler,34
stuff,34
send,34
improvement,34
hate,34
drys,34
door,34
wonder,33
wish,33
visit,33
update,33
texture,33
tape,33
run,33
rest,33
refund,33
quicker,33
perform,33
okay,33
ok,33
dyer,33
barrel,33
smoke,32
put,32
opinion,32
holder,32
gym,32
e,32
dryers,32
check,32
attach,32
well,31
sure,31
sunbeam,31
silky,31
reviewer,31
receive,31
quick,31
plan,31
placement,31
man,31
lock,31
kid,31
conditioner,31
complain,31
coarse,31
carry,31
cabinet,31
ability,31
w,30
repair,30
reach,30
pitch,30
material,30
junk,30
client,30
circuit,30
catch,30
word,29
towel,29
ton,29
tip,29
system,29
lots,29
sturdy,28
straighten,28
sink,28
sale,28
ease,28
business,28
age,28
treatment,27
top,27
screw,27
screen,27
safety,27
output,27
installation,27
hot,27
girlfriend,27
flaw,27
expect,27
efficient,27
effect,27
combination,27
coat,27
adapter,27
sell,26
rate,26
pain,26
offer,26
moisture,26
mess,26
meet,26
good,26
frizzies,26
enjoy,26
cooler,26
continue,26
coil,26
adjust,26
vent,25
summer,25
shower,25
seem,25
reel,25
peel,25
mode,25
conditioning,25
cap,25
volt,24
velocity,24
standard,24
sort,24
silver,24
selection,24
plate,24
pick,24
neck,24
men,24
location,24
fly,24
element,24
duty,24
durability,24
create,24
crack,24
consumer,24
bring,24
yr,23
winter,23
wave,23
user,23
throw,23
shut,23
shampoo,23
saver,23
root,23
regret,23
promise,23
pretty,23
pop,23
phone,23
online,23
metal,23
matte,23
law,23
humidity,23
fry,23
easy,23
drawback,23
doubt,23
converter,23
com,23
buck,23
bottom,23
balance,23
alot,23
timer,22
term,22
supply,22
scent,22
purpose,22
prevent,22
match,22
limit,22
hassle,22
hairstylist,22
extension,22
elchim,22
date,22
charge,22
b,22
adjustment,22
twist,21
thumb,21
surface,21
suppose,21
straightener,21
straight,21
son,21
save,21
mini,21
mail,21
locate,21
list,21
lack,21
crap,21
cable,21
blowdryers,21
blade,21
awesome,21
advertise,21
yesterday,20
thrill,20
thats,20
teeth,20
socket,20
site,20
rubber,20
require,20
post,20
non,20
lotion,20
lol,20
know,20
keeper,20
image,20
im,20
forget,20
curler,20
construction,20
college,20
build,20
benefit,20
annoy,20
add,20
wet,19
watts,19
watch,19
vendor,19
variety,19
tunnel,19
record,19
quiet,19
past,19
operate,19
marriott,19
front,19
flip,19
fail,19
etc,19
drug,19
disappointment,19
c,19
bother,19
basis,19
bargain,19
accessory,19
worry,18
weekend,18
twin,18
trust,18
stream,18
solution,18
slip,18
share,18
settings,18
retraction,18
punch,18
photo,18
miss,18
mechanism,18
makeup,18
luck,18
knock,18
imagine,18
go,18
give,18
exchange,18
everyday,18
electricity,18
effort,18
decade,18
dark,18
clip,18
choose,18
charm,18
birthday,18
attempt,18
asin,18
appreciate,18
airflow,18
write,17
wow,17
world,17
wavy,17
trick,17
treat,17
tag,17
step,17
situation,17
recommendation,17
pressure,17
paint,17
mistake,17
mid,17
march,17
information,17
housing,17
heating,17
grade,17
future,17
folds,17
fix,17
finish,17
fault,17
failure,17
factor,17
engine,17
discount,17
detail,17
clutter,17
bright,17
borrow,17
bang,17
backup,17
angle,17
years,16
wise,16
vidal,16
suit,16
school,16
scar,16
rv,16
roll,16
question,16
prone,16
maneuver,16
luggage,16
lady,16
kinda,16
jet,16
increase,16
hurt,16
hotter,16
hi,16
gfci,16
forever,16
focus,16
excelente,16
email,16
cream,16
convince,16
consider,16
closet,16
class,16
chord,16
car,16
book,16
bird,16
bedroom,16
arthritis,16
afterwards,16
window,15
v,15
usage,15
thought,15
thicker,15
talk,15
stretch,15
stock,15
spring,15
soap,15
snap,15
sedu,15
say,15
report,15
realize,15
razor,15
policy,15
multiple,15
melt,15
manufacture,15
loop,15
lift,15
jerdon,15
height,15
fuse,15
flimsy,15
fits,15
felt,15
feels,15
faster,15
decision,15
decent,15
cheaply,15
buying,15
buyer,15
breeze,15
boy,15
begin,15
avoid,15
application,15
action,15
accident,15
workout,14
wear,14
walmart,14
toggle,14
titanium,14
spray,14
shoot,14
shelf,14
shaver,14
saw,14
risk,14
retractable,14
print,14
moment,14
master,14
longevity,14
leg,14
john,14
intensity,14
hear,14
hanger,14
handy,14
granddaughter,14
gfi,14
gel,14
fun,14
flame,14
describe,14
defuser,14
clean,14
cant,14
camper,14
beware,14
become,14
average,14
attention,14
allow,14
advantage,14
tv,13
transformer,13
sooner,13
simple,13
rub,13
purple,13
provide,13
pass,13
paper,13
muy,13
looks,13
learn,13
japan,13
impression,13
impress,13
hose,13
gadget,13
functionality,13
frame,13
fee,13
el,13
downside,13
compliment,13
comparison,13
broke,13
babyliss,13
adaptor,13
wrist,12
wheel,12
understand,12
toothbrush,12
studio,12
strip,12
smoother,12
silk,12
select,12
professional,12
pricey,12
performs,12
oh,12
motel,12
miracle,12
knob,12
july,12
harry,12
grab,12
fill,12
feeling,12
feedback,12
equipment,12
ear,12
death,12
conversation,12
chair,12
bueno,12
blue,12
block,12
bell,12
awkward,12
apartment,12
anchor,12
act,12
yellowbird,11
yeah,11
xtava,11
weather,11
toy,11
till,11
tame,11
suction,11
spare,11
shock,11
secure,11
scratch,11
scorch,11
rush,11
rocker,11
resort,11
request,11
regard,11
r,11
protector,11
prefer,11
pound,11
operation,11
oo,11
nightlight,11
months,11
member,11
ionic,11
hurry,11
hesitate,11
hardware,11
gold,11
glue,11
glass,11
fragrance,11
form,11
fool,11
favor,11
fancy,11
exception,11
everytime,11
energy,11
dresser,11
dream,11
dealer,11
cup,11
crazy,11
countertop,11
construct,11
comfort,11
caution,11
capability,11
burst,11
bunch,11
blows,11
beach,11
attachments,11
advice,11
adult,11
admit,11
access,11
zebra,10
wake,10
vacuum,10
tube,10
trap,10
tone,10
struggle,10
sticker,10
stars,10
sorry,10
shame,10
semi,10
second,10
road,10
retractor,10
reset,10
requirement,10
release,10
quite,10
protection,10
practice,10
orange,10
occasion,10
nicer,10
nano,10
n,10
movement,10
moisturizer,10
micro,10
mi,10
measure,10
mark,10
mangroomer,10
magazine,10
longer,10
layer,10
kit,10
judge,10
italy,10
intake,10
infinity,10
hype,10
happen,10
frieda,10
france,10
flyaways,10
event,10
drugstore,10
diffuse,10
depend,10
criticism,10
connection,10
child,10
cat,10
careful,10
buttons,10
burnt,10
blonde,10
bend,10
back,10
awhile,10
assume,10
appearance,10
ad,10
ac,10
yay,9
winner,9
walk,9
transition,9
town,9
terrific,9
teenage,9
suck,9
steam,9
shell,9
self,9
satisfy,9
response,9
pump,9
producto,9
produce,9
powerfull,9
pleasant,9
perfume,9
oster,9
onei,9
odor,9
maintenance,9
loss,9
load,9
latch,9
label,9
la,9
june,9
josh,9
joke,9
ireland,9
ii,9
hum,9
hit,9
haha,9
gon,9
fraction,9
folding,9
favorite,9
england,9
eliminate,9
efficiency,9
edition,9
drill,9
discontinue,9
diffuzer,9
difficulty,9
condo,9
concept,9
clothes,9
clog,9
cash,9
budget,9
bouncy,9
bottle,9
article,9
advance,9
x,8
wonderful,8
whine,8
trash,8
trade,8
toss,8
technique,8
taste,8
task,8
tab,8
surgery,8
support,8
states,8
sore,8
soooo,8
solve,8
shoe,8
shipment,8
sense,8
routine,8
revolution,8
retracts,8
remove,8
remind,8
rat,8
preference,8
perm,8
nail,8
muscle,8
multi,8
motion,8
mk,8
messy,8
mane,8
low,8
loves,8
lo,8
lighter,8
l,8
hurricane,8
high,8
hello,8
heats,8
hearing,8
hairbrush,8
garbage,8
fhi,8
fashion,8
expire,8
excelent,8
error,8
emit,8
drive,8
draw,8
dozen,8
discover,8
dig,8
dc,8
curve,8
credit,8
count,8
cosmetologist,8
contain,8
consideration,8
connect,8
conairs,8
component,8
chip,8
card,8
bump,8
bummer,8
bristle,8
boyfriend,8
beautiful,8
arrive,8
anybody,8
answer,8
accord,8
xmas,7
worker,7
warn,7
waist,7
vs,7
versus,7
useless,7
trigger,7
towards,7
thickness,7
ten,7
tap,7
tan,7
tad,7
sufficient,7
success,7
strand,7
steal,7
speak,7
sparkle,7
sleep,7
sign,7
session,7
series,7
selector,7
screwdriver,7
sad,7
roommate,7
register,7
recoil,7
que,7
prevents,7
premium,7
pleasure,7
pattern,7
party,7
para,7
page,7
office,7
notch,7
mo,7
middle,7
manipulate,7
malfunction,7
lie,7
leave,7
lay,7
keeps,7
info,7
indication,7
humid,7
household,7
hey,7
hence,7
heck,7
heartbeat,7
health,7
hazard,7
hangup,7
hairstyle,7
haircut,7
guarantee,7
ground,7
glow,7
gf,7
generate,7
frustration,7
firm,7
everybody,7
emergency,7
edit,7
downgrade,7
difuser,7
dentist,7
delivers,7
darker,7
dad,7
cuts,7
connector,7
concentration,7
clunky,7
cleaning,7
chemical,7
chain,7
center,7
breakage,7
bounce,7
blackbird,7
bed,7
battery,7
bar,7
bank,7
bald,7
aid,7
adequate,7
website,6
vibration,6
twenty,6
tstudio,6
transport,6
transaction,6
toothpaste,6
thinner,6
things,6
tendency,6
tax,6
syndrome,6
swivel,6
sweat,6
surge,6
straighter,6
spending,6
slider,6
shadow,6
selling,6
scream,6
science,6
rubbery,6
rip,6
reports,6
repeat,6
reliability,6
refuse,6
reduction,6
prove,6
proof,6
priority,6
predecessor,6
pinch,6
pin,6
pic,6
philips,6
pearl,6
par,6
outer,6
oomph,6
mousse,6
molecule,6
method,6
max,6
male,6
lose,6
llego,6
lite,6
lash,6
keratin,6
ionizer,6
internet,6
infiniti,6
ideal,6
heart,6
habit,6
guard,6
grow,6
grill,6
google,6
ghost,6
gap,6
game,6
ft,6
frequency,6
fond,6
fight,6
female,6
faulty,6
excess,6
edge,6
duct,6
distance,6
dimension,6
desire,6
department,6
demand,6
defect,6
cycle,6
cuticle,6
cruise,6
criterion,6
coupon,6
cook,6
convert,6
concentrators,6
concentrate,6
combine,6
collection,6
code,6
clipper,6
climate,6
click,6
circle,6
cheapo,6
charger,6
challenge,6
cent,6
bulk,6
buildup,6
braid,6
bob,6
board,6
blowing,6
bespoke,6
believe,6
bare,6
aways,6
august,6
assure,6
afford,6
acid,6
account,6
absolute,6
whistle,5
whip,5
wallmount,5
vs501,5
velcro,5
vegas,5
upwards,5
ups,5
unplug,5
underneath,5
twinturbo,5
tt,5
tight,5
tie,5
tidy,5
tend,5
template,5
styling,5
stress,5
story,5
spread,5
splurge,5
split,5
specification,5
spec,5
sock,5
soak,5
smoothness,5
shorter,5
shopping,5
shinny,5
shift,5
shatter,5
shaft,5
shade,5
sept,5
seal,5
saves,5
satisfaction,5
sasson,5
rusk,5
rotate,5
rocket,5
reviews,5
retracting,5
respond,5
reply,5
rental,5
remember,5
remark,5
relax,5
relationship,5
reasonable,5
purse,5
property,5
production,5
procedure,5
present,5
prepare,5
pre,5
possibility,5
portion,5
portability,5
plain,5
pixie,5
phillips,5
pet,5
perspective,5
patience,5
pair,5
overheats,5
news,5
neon,5
music,5
message,5
mediocre,5
maker,5
magnet,5
luxury,5
louder,5
lemon,5
leaves,5
ladies,5
kill,5
kick,5
k,5
jury,5
jungle,5
jf1,5
jan,5
instructions,5
instance,5
inside,5
injury,5
inconvenience,5
hubby,5
hsi,5
hotels,5
hint,5
hinge,5
headache,5
hangs,5
halfway,5
ha,5
gun,5
groom,5
grate,5
goodness,5
god,5
gimmick,5
gentler,5
gentle,5
generator,5
fyi,5
fuzzy,5
fue,5
foundation,5
folk,5
floss,5
florida,5
flight,5
flawless,5
file,5
explode,5
exelente,5
example,5
ergonomics,5
environment,5
engineer,5
electronics,5
eardrum,5
dryness,5
disturb,5
distribute,5
discountjungle,5
disappointing,5
disappear,5
dim,5
determine,5
delight,5
december,5
dangle,5
damp,5
cvs,5
cumbersome,5
costco,5
convertor,5
conversion,5
container,5
confidence,5
computer,5
collapse,5
clumsy,5
chin,5
cheapies,5
ceramic,5
carlton,5
capacity,5
cancer,5
california,5
cage,5
burning,5
brittle,5
breath,5
bowl,5
boot,5
boost,5
booklet,5
boar,5
blowout,5
blo,5
bleach,5
blah,5
bite,5
bien,5
bet,5
battle,5
band,5
auto,5
aspect,5
asap,5
appeal,5
anyways,5
airplane,5
acne,5
accurate,5
worthless,4
wood,4
wiring,4
wider,4
wax,4
waver,4
warrantee,4
wan,4
vice,4
vibrate,4
versa,4
velvety,4
va,4
upgrade,4
u,4
tweezer,4
tt3000,4
truth,4
truly,4
troy,4
traveler,4
trailer,4
towels,4
tote,4
tooth,4
tomorrow,4
toe,4
title,4
tingle,4
tile,4
tick,4
ti,4
thumbs,4
thru,4
therefore,4
teenager,4
teen,4
tech,4
tea,4
tablet,4
suggest,4
suffer,4
substitute,4
stores,4
stink,4
stiff,4
status,4
statement,4
spoil,4
speeds,4
sooo,4
somebody,4
solano,4
slippery,4
skip,4
si,4
sheet,4
sheen,4
seek,4
seat,4
se,4
scheme,4
scale,4
rule,4
rock,4
roar,4
rite,4
rinse,4
ridge,4
rewind,4
retailer,4
respect,4
repurchase,4
rep,4
render,4
relief,4
recomiendo,4
receipt,4
raise,4
rain,4
quietness,4
pun,4
puff,4
protectant,4
protect,4
prompt,4
products,4
pricy,4
precision,4
powder,4
postage,4
pool,4
poof,4
picky,4
pheromone,4
particle,4
palm,4
owner,4
overall,4
occur,4
nonsense,4
neighbor,4
needs,4
motorhome,4
moisturize,4
mobility,4
minutes,4
miniature,4
mesh,4
merchant,4
mass,4
mask,4
manner,4
majority,4
luv,4
lug,4
locs,4
limp,4
lifespan,4
letter,4
leopard,4
least,4
leak,4
le,4
knot,4
kinky,4
jump,4
january,4
jam,4
irritate,4
ironing,4
invention,4
interest,4
instal,4
industry,4
indicate,4
india,4
hunt,4
hung,4
horse,4
honor,4
holster,4
helen,4
heft,4
hat,4
harder,4
happens,4
hands,4
grey,4
greasy,4
grandson,4
goal,4
garage,4
gain,4
fuss,4
fur,4
funnel,4
fulfill,4
friz,4
friends,4
friday,4
fragile,4
fortune,4
footprint,4
food,4
fluke,4
fluffy,4
flash,4
fixture,4
fingertip,4
fiance,4
featherweight,4
fake,4
explain,4
expert,4
excuse,4
excite,4
esp,4
encounter,4
drywall,4
dreyer,4
drag,4
dorm,4
distribution,4
develop,4
detach,4
deserve,4
degree,4
defrost,4
decrease,4
deaf,4
damn,4
cry,4
cramp,4
craft,4
cotton,4
corner,4
cordless,4
controls,4
consume,4
confuse,4
confirm,4
competitor,4
compactness,4
combo,4
colour,4
cologne,4
chew,4
chemo,4
cheapie,4
channel,4
changer,4
celsius,4
caveat,4
category,4
carrier,4
butt,4
bum,4
buen,4
brightness,4
braun,4
bomb,4
blowdry,4
blond,4
blend,4
blanket,4
bin,4
beard,4
bc,4
barrell,4
barbie,4
barbershop,4
barber,4
ball,4
australia,4
attract,4
apply,4
apple,4
anticipate,4
anti,4
amp,4
america,4
alternate,4
allure,4
al,4
affect,4
affair,4
advertising,4
accommodate,4
ac2015,4
abuse,4
_,4
zero,3
youtube,3
york,3
yo,3
yank,3
ya,3
withstand,3
winder,3
wig,3
whatsoever,3
whats,3
wen,3
weird,3
weigh,3
web,3
waviness,3
warmer,3
wand,3
wallet,3
volumn,3
volts,3
vine,3
video,3
verdict,3
vendedor,3
vanilla,3
vac,3
v2,3
unpack,3
truck,3
translate,3
track,3
tornado,3
topic,3
toilet,3
todo,3
toddler,3
times,3
ticket,3
thread,3
tho,3
thingy,3
thin,3
thediscountcenter,3
thaw,3
thailand,3
th,3
tender,3
television,3
telephone,3
teeny,3
teach,3
table,3
ta,3
sustain,3
suspect,3
surround,3
superb,3
sunburn,3
sun,3
suggestion,3
submit,3
stupidity,3
stud,3
stuck,3
straightforward,3
stone,3
station,3
squirrel,3
spouse,3
sparks,3
spain,3
south,3
source,3
sounds,3
solder,3
snug,3
smudge,3
slow,3
skincare,3
sight,3
shuts,3
short,3
shiney,3
shiner,3
serves,3
serve,3
score,3
scoop,3
schedule,3
sacrifice,3
retain,3
results,3
restrict,3
restock,3
resin,3
reservoir,3
reservation,3
resellers,3
reseller,3
rescue,3
renter,3
renaissance,3
remodel,3
remingtons,3
remain,3
regrowth,3
regalo,3
reduces,3
redesign,3
recipient,3
receptacle,3
receiver,3
reattach,3
reaction,3
rattle,3
rack,3
puffy,3
protrude,3
promote,3
project,3
program,3
problems,3
pride,3
presentation,3
prep,3
prefect,3
por,3
pony,3
pole,3
plus,3
plunge,3
play,3
pipe,3
pill,3
pik,3
pibbs,3
perk,3
pelo,3
pas,3
paris,3
parent,3
p,3
ounce,3
opportunity,3
opening,3
ooo,3
omg,3
olay,3
observation,3
nyc,3
november,3
norm,3
nope,3
nobody,3
net,3
neat,3
nanoe,3
mouth,3
mounts,3
mortar,3
mop,3
monster,3
mold,3
mix,3
mission,3
minuet,3
milk,3
mighty,3
metallic,3
merchandise,3
mat,3
mascara,3
mas,3
marketing,3
manufacturing,3
manager,3
maintain,3
luke,3
los,3
lord,3
lip,3
lifetime,3
lever,3
lead,3
laundry,3
lake,3
labor,3
kudos,3
knee,3
kitchen,3
key,3
kaput,3
joico,3
ions,3
ionization,3
insert,3
infusions,3
indicator,3
independence,3
incredible,3
include,3
ill,3
id,3
hyperpigmentation,3
hr,3
housekeeping,3
history,3
hilton,3
hide,3
hesitation,3
heaviness,3
heater,3
healthier,3
hd,3
haul,3
harm,3
hard,3
hampton,3
hairspray,3
hairdyer,3
hairdrier,3
haircare,3
gusto,3
group,3
green,3
greece,3
gray,3
gloss,3
girls,3
generic,3
gas,3
g,3
furthermore,3
functions,3
frustrate,3
freezer,3
freeze,3
freedom,3
fray,3
flake,3
fl,3
finishing,3
field,3
feed,3
fedex,3
features,3
fatigue,3
farouk,3
faith,3
fair,3
factory,3
facility,3
fab,3
extra,3
exposure,3
explanation,3
expense,3
excitement,3
este,3
equation,3
engineering,3
eat,3
dyrer,3
dunno,3
dull,3
duck,3
dryes,3
driver,3
drip,3
downstairs,3
doorstep,3
dock,3
doa,3
distributor,3
dislike,3
discomfort,3
dirt,3
difusser,3
diff,3
destroy,3
destination,3
designer,3
derby,3
dent,3
delicate,3
delay,3
default,3
def,3
deduct,3
decibel,3
debate,3
days,3
danger,3
dang,3
daily,3
cutter,3
curls,3
cuba,3
coworkers,3
coverage,3
cottage,3
corvette,3
corse,3
convient,3
contry,3
content,3
cone,3
conclusion,3
concealer,3
compromise,3
compartment,3
como,3
communication,3
clue,3
cleaner,3
clamp,3
city,3
circulation,3
circulate,3
chrome,3
chore,3
chicago,3
cheery,3
chamber,3
century,3
caught,3
catcher,3
cabin,3
buzz,3
buttom,3
buenisimo,3
bucket,3
btw,3
bs,3
brother,3
brighter,3
brick,3
brain,3
brace,3
bothersome,3
bolt,3
bless,3
blame,3
bio,3
biggie,3
beating,3
beast,3
bay,3
batch,3
avail,3
aunt,3
attribute,3
assistance,3
artist,3
arrival,3
april,3
approx,3
appropriate,3
applicator,3
anyway,3
annoyance,3
amazons,3
amazing,3
allot,3
alas,3
airline,3
agree,3
africa,3
afraid,3
advertize,3
activity,3
accumulate,3
zipper,2
zip,2
yikes,2
yield,2
yep,2
yea,2
www,2
wtf,2
wrinkle,2
workhorse,2
women,2
witch,2
wipe,2
wine,2
wimpy,2
wiggle,2
width,2
whisper,2
whirlwind,2
whirl,2
welt,2
weighty,2
wedge,2
wedding,2
warrant,2
warehouse,2
wallpaper,2
wal,2
w8less,2
vs750,2
vroom,2
vote,2
void,2
voice,2
visitor,2
vinyl,2
view,2
vibrant,2
vetiver,2
versatility,2
versatile,2
verge,2
venezuela,2
vender,2
variation,2
vapor,2
uses,2
urge,2
upset,2
ulta,2
ty,2
twice,2
tweens,2
tuesday,2
tuck,2
tub,2
tsi,2
trimmer,2
trim,2
trial,2
tress,2
trend,2
travels,2
transform,2
toyozumi,2
torch,2
tonight,2
toll,2
tin,2
til,2
ties,2
thursday,2
ths,2
thermostat,2
theme,2
tescom,2
terrify,2
tension,2
temperture,2
tells,2
teh,2
targets,2
taller,2
tail,2
t2000,2
swears,2
swap,2
susan,2
survivor,2
surpass,2
supplement,2
supermarket,2
sub,2
stylish,2
styles,2
stun,2
study,2
structure,2
string,2
street,2
streamline,2
stray,2
straw,2
strap,2
stranger,2
strain,2
stimulator,2
steamer,2
staticy,2
starter,2
staple,2
standpoint,2
squeeze,2
square,2
spritz,2
sponge,2
spit,2
spiral,2
spin,2
spider,2
speedy,2
specialty,2
spacer,2
sp62,2
soothe,2
softness,2
smoky,2
smoking,2
smithereens,2
smart,2
slowly,2
slot,2
slick,2
sleek,2
sixty,2
silverbird,2
silkiness,2
silicon,2
sides,2
shutoff,2
shu,2
shrill,2
shoulders,2
shopper,2
shirt,2
shimmer,2
shave,2
shack,2
sew,2
setup,2
servicio,2
serum,2
september,2
sephora,2
separator,2
sensor,2
semblance,2
security,2
secador,2
secado,2
seasons,2
seam,2
sea,2
scrub,2
scotland,2
scotch,2
scam,2
scald,2
sausage,2
sanyo,2
salmon,2
rust,2
runs,2
ruin,2
rubberize,2
rod,2
ring,2
retail,2
resume,2
restart,2
responsibility,2
resource,2
resolve,2
resist,2
reserve,2
reputation,2
reprint,2
reposition,2
replacements,2
repaint,2
reorder,2
rent,2
removal,2
removable,2
remorse,2
remedy,2
relate,2
regular,2
registration,2
regimen,2
regardless,2
reference,2
ref,2
redo,2
recycle,2
recovery,2
recomend,2
recognize,2
recibi,2
recess,2
reccommend,2
reality,2
reader,2
ratio,2
rapido,2
randomly,2
ramp,2
radio,2
race,2
ra,2
quickley,2
quarter,2
quadraion,2
pure,2
purchasing,2
pulling,2
puffiness,2
ps,2
pry,2
proversa,2
proportion,2
propeller,2
prod,2
proceed,2
problema,2
prevention,2
presto,2
precise,2
praise,2
practicality,2
powerhouse,2
potty,2
potent,2
postion,2
possession,2
pos,2
portofino,2
portifino,2
poofy,2
polo,2
pointy,2
pocket,2
pm,2
plum,2
plugin,2
playing,2
plasticky,2
plane,2
placebo,2
pity,2
pistol,2
pimple,2
pilot,2
pile,2
pickup,2
phrase,2
pharmacy,2
peroxide,2
perfecto,2
perfection,2
percent,2
penetrate,2
pen,2
peak,2
peace,2
path,2
pat,2
parlor,2
parameter,2
pangea,2
panel,2
packs,2
packing,2
pace,2
ozone,2
oz,2
oversight,2
overnight,2
oval,2
outlast,2
outdoors,2
outcome,2
otherwise,2
original,2
organization,2
organics,2
ooooo,2
ons,2
oct,2
objection,2
nuts,2
novelties,2
norelco,2
nonetheless,2
nivea,2
nissyo,2
newer,2
needless,2
necessity,2
neater,2
nature,2
naturcolor,2
nanocare,2
nag,2
mushroom,2
multitude,2
mucho,2
mrs,2
mounting,2
mood,2
monday,2
modify,2
modification,2
mm,2
ml,2
mixer,2
misuse,2
missus,2
mislead,2
minus,2
minoxidil,2
minimum,2
mild,2
midway,2
meter,2
maximum,2
massage,2
maroon,2
mar,2
map,2
manuver,2
management,2
mall,2
mac,2
luvv,2
lukewarm,2
lt,2
loving,2
loudness,2
long,2
logo,2
log,2
loan,2
live,2
litte,2
lit,2
liquid,2
lion,2
link,2
liner,2
linen,2
linda,2
limitation,2
lil,2
liking,2
lightness,2
lifesaver,2
lent,2
leakage,2
leader,2
lavender,2
lavatory,2
laugh,2
lasts,2
lap,2
labs,2
lab,2
kmart,2
kitty,2
justice,2
jun,2
juice,2
judgment,2
join,2
jj,2
jim,2
jiffy,2
jewelry,2
israel,2
island,2
irritation,2
ionize,2
introduce,2
interrupter,2
intention,2
intend,2
insure,2
insult,2
insulator,2
instrument,2
installs,2
inn,2
inlet,2
ingredient,2
infusion,2
incorrect,2
inconvenient,2
incase,2
impede,2
impact,2
imagination,2
ice,2
hydrate,2
hyatt,2
houston,2
hopeful,2
hoot,2
honesty,2
honest,2
holy,2
hollywood,2
holiday,2
ho,2
hmm,2
hija,2
hesitant,2
hertz,2
helpful,2
hell,2
heavier,2
heavey,2
heard,2
harsh,2
hari,2
happier,2
handset,2
handling,2
handheld,2
hais,2
hairs,2
hairdriers,2
hairblower,2
hai,2
h,2
guide,2
grrr,2
gripe,2
grease,2
graveyard,2
grasp,2
gracias,2
gotten,2
golds,2
glove,2
glory,2
glitter,2
glitch,2
ghd,2
gent,2
genius,2
generation,2
gemstone,2
gem,2
geat,2
ge,2
garden,2
gal,2
fusion,2
functional,2
fullness,2
fuller,2
fruity,2
fruit,2
frills,2
frill,2
freshen,2
fr,2
follicle,2
flush,2
fluoride,2
fluff,2
flower,2
flimpsy,2
flexibility,2
flatiron,2
fitting,2
fist,2
fingers,2
fingerprint,2
fingernail,2
film,2
fighter,2
ferrari,2
fence,2
feather,2
feat,2
fear,2
fare,2
faint,2
fade,2
f,2
eyeliner,2
eyelash,2
extreme,2
extend,2
express,2
experiment,2
expensive,2
expectancy,2
exist,2
exercise,2
excellant,2
evolution,2
evaporation,2
estate,2
estado,2
esta,2
esposa,2
escentuals,2
erks,2
erase,2
er,2
epic,2
entry,2
enter,2
enought,2
endure,2
encourage,2
emf,2
ella,2
electrocute,2
elchims,2
elbow,2
effectiveness,2
economics,2
ebay,2
east,2
earplug,2
dy,2
duration,2
durabilty,2
duper,2
dud,2
dryier,2
driers,2
dreadlock,2
dread,2
dp,2
double,2
donate,2
dollop,2
doll,2
dogs,2
doctor,2
diverse,2
ditch,2
dissapointment,2
disney,2
discuss,2
disconnect,2
disadvantage,2
dis,2
director,2
directions,2
dinero,2
dilute,2
digit,2
diego,2
dial,2
dht,2
dey,2
development,2
detect,2
detangler,2
desk,2
desde,2
depress,2
density,2
dense,2
deliberate,2
definitley,2
defeat,2
decor,2
dec,2
debris,2
deals,2
deadline,2
david,2
data,2
darn,2
dare,2
dandy,2
dab,2
d3710,2
d3190a,2
cuz,2
cushion,2
currency,2
cure,2
crunchy,2
crisp,2
cringe,2
crank,2
cram,2
cousin,2
courtyard,2
countless,2
counterfeit,2
cords,2
copy,2
coord,2
cooling,2
convent,2
conspiracy,2
congratulate,2
configuration,2
conditioners,2
condiciones,2
concentrater,2
compra,2
complexion,2
complains,2
competition,2
companion,2
commit,2
comfy,2
comfortable,2
colors,2
colorful,2
collector,2
collect,2
coin,2
coffee,2
coconut,2
coating,2
coarser,2
co,2
clump,2
clothing,2
close,2
clock,2
cling,2
clientele,2
cleanse,2
clarify,2
clairol,2
chuckle,2
chocolate,2
childrens,2
chick,2
chest,2
champ,2
chalk,2
cell,2
caster,2
carrying,2
carpel,2
candle,2
camry,2
calm,2
caliber,2
cake,2
cadillac,2
bye,2
bust,2
bullet,2
brilliance,2
brainer,2
bra,2
boxer,2
botton,2
bone,2
boat,2
boast,2
blush,2
blew,2
blessing,2
bismol,2
biosilk,2
bingo,2
bezel,2
besides,2
bent,2
bella,2
believer,2
beaty,2
bearing,2
beachy,2
bday,2
basket,2
basic,2
backwards,2
babybliss,2
b000rzll38,2
availability,2
attendant,2
attatchments,2
attack,2
attachements,2
attache,2
asthma,2
associate,2
asset,2
asia,2
art,2
array,2
arrangement,2
aroma,2
arms,2
appointment,2
anytime,2
anyones,2
anymore,2
anyhow,2
ankle,2
anchors,2
ambient,2
alternative,2
alright,2
alcohol,2
alci,2
alarm,2
airy,2
afternoon,2
advise,2
adjustability,2
address,2
adapt,2
activate,2
achieve,2
ache,2
accomodate,2
ac2015c,2
absorb,2
aacute,2
aa,2
10mins,2
zzzzzzzzzzzz,1
zzzzzz,1
zoom,1
zone,1
zilch,1
zealand,1
zap,1
zadro,1
z,1
yuck,1
yrs,1
yowl,1
youth,1
younamazon,1
yippee,1
yhe,1
yayyyyyyyyyy,1
yaears,1
xtreme,1
xoxo,1
xd,1
x3,1
wyrick,1
wth,1
writer,1
writ,1
wrer,1
wrangle,1
wound,1
worship,1
worldwide,1
workplace,1
workmanship,1
working,1
worka,1
wore,1
wool,1
wookie,1
woody,1
woodsy,1
woodbridge,1
woo,1
wone,1
wonders,1
wonderfull,1
woks,1
wnc,1
wks,1
wk,1
withouth,1
wishlist,1
wish4star,1
wisdom,1
wiry,1
windstorm,1
wince,1
wildness,1
wild,1
wiith,1
widen,1
wich,1
whwn,1
whooooooooosh,1
whoa,1
whiteness,1
whit,1
whio,1
whinger,1
whiney,1
whim,1
whereas,1
whenever,1
wheeeeeeeeesh,1
wheeeeeeee,1
wheat,1
whatnot,1
whatever,1
whates,1
wha,1
wetness,1
wether,1
wet2straight,1
westinghouse,1
wesselmann,1
welll,1
welcome,1
weirdo,1
weightiness,1
weeks,1
weas,1
wears,1
weapon,1
weakness,1
weakling,1
weaker,1
waves,1
waterproof,1
waterpik,1
watercolor,1
wason,1
washington,1
washcloth,1
wasa,1
war,1
walmount,1
walll,1
wales,1
wail,1
wahl,1
wagner,1
waay,1
waaay,1
waaaay,1
wa,1
vulcano,1
vs7963,1
vs783,1
vs781,1
vry,1
vrbo,1
vortex,1
voodoo,1
volumne,1
volumizer,1
volumize,1
volleyball,1
volare,1
voila,1
vogue,1
vloggers,1
viz,1
vivid,1
vitamin,1
vitality,1
visor,1
vision,1
vise,1
visa,1
virtue,1
virgin,1
viola,1
vintage,1
vino,1
viewer,1
vickie,1
vety,1
versions,1
verse,1
verry,1
verrry,1
veqtwrvrv,1
venture,1
ventilator,1
venice,1
vendors,1
vendedores,1
velvet,1
velour,1
vein,1
vase,1
varies,1
vargas,1
vale,1
vain,1
vagabond,1
vacay,1
vacate,1
vaca,1
utilize,1
utility,1
ussesfull,1
usability,1
usa,1
upstairs,1
upon,1
unwieldy,1
untangles,1
unsure,1
unlock,1
universal,1
unhinges,1
understanding,1
undergoes,1
unclutter,1
unbalance,1
ukta,1
uk,1
uber,1
tx,1
twistouts,1
twister,1
tweenagers,1
tuts,1
turns,1
turkey,1
turbos,1
turbine,1
tune,1
tun,1
tug,1
tubs,1
ts127,1
ts,1
tryp,1
troubleshoot,1
trooper,1
trips,1
trifecta,1
tretract,1
tresemme,1
trent,1
trays,1
traveller,1
traveling,1
trave,1
trauma,1
transformator,1
transfer,1
transaccion,1
trank,1
train,1
trail,1
trading,1
tradeoff,1
tractor,1
traction,1
trabaja,1
tp,1
toxic,1
townhouse,1
townhome,1
tower,1
tow,1
tout,1
tourmeline,1
tourmalina,1
toumaline,1
tougher,1
total,1
torumaliine,1
torture,1
torsion,1
tops,1
topple,1
topper,1
tootsies,1
toothbrushes,1
toolbox,1
tons,1
toniro,1
tongue,1
tommy,1
tolerate,1
tolerance,1
toenail,1
toap,1
to110v,1
tne,1
tlc,1
tks,1
tj,1
tissues,1
tissue,1
tiresome,1
tiny,1
tinnitus,1
timing,1
timey,1
timeshares,1
timeframe,1
tighter,1
tier,1
tienda,1
tiempos,1
tiempo,1
tidiness,1
tickle,1
thunderstorm,1
tht,1
thruth,1
throat,1
thousand,1
though,1
thor,1
thomas,1
thise,1
thirty,1
thinking,1
thingies,1
thik,1
thi,1
thermocouple,1
thermal,1
theres,1
therein,1
therefor,1
therapy,1
thatthe,1
thatn,1
thanx,1
thankful,1
tha,1
tge,1
text,1
testosterone,1
testify,1
testers,1
tester,1
testament,1
territory,1
tepmreture,1
tent,1
tennis,1
tennessee,1
tengo,1
tends,1
tendonitis,1
tempt,1
temps,1
temperate,1
temper,1
tempature,1
teenie,1
tee,1
tecnolog,1
techniques,1
technician,1
tease,1
taught,1
tattoo,1
taper,1
tank,1
tames,1
tamer,1
tall,1
tak,1
tailor,1
tacks,1
tackle,1
tabletop,1
t3s,1
systemic,1
sylist,1
swoop,1
switching,1
switches,1
switcheroo,1
swirl,1
swing,1
swimming,1
swim,1
swift,1
swell,1
sweeter,1
sweet,1
sweaty,1
swear,1
swab,1
suspicion,1
survive,1
surroundings,1
surprising,1
supprise,1
supplies,1
supplier,1
supper,1
supervision,1
superstar,1
supersolano,1
superhot,1
superfast,1
suns,1
summery,1
summary,1
sumbeam,1
sum,1
suits,1
suites,1
suite,1
suffice,1
suffers,1
sue,1
sucks,1
sucker,1
substitution,1
substance,1
subsidiary,1
subside,1
subject,1
suave,1
su,1
styleability,1
styilst,1
styff,1
stung,1
stuffer,1
strikeout,1
streak,1
stratford,1
straightner,1
straightens,1
straightening,1
straggler,1
stow,1
storm,1
storability,1
stiffness,1
stge,1
stewart,1
steward,1
sterilization,1
stepmom,1
stepdaughter,1
stencil,1
steer,1
stays,1
stash,1
starvation,1
startle,1
starlight,1
staples,1
standards,1
stamen,1
stair,1
stainless,1
staightens,1
stage,1
stack,1
ssonas,1
squish,1
squeels,1
squeeling,1
squeal,1
squeaky,1
squeak,1
spun,1
springy,1
sprawl,1
sppeds,1
sporty,1
sport,1
splint,1
splice,1
splash,1
spite,1
spill,1
spikes,1
spike,1
spice,1
spew,1
spent,1
spends,1
speedstick,1
specs,1
specify,1
speaks,1
speaking,1
spasm,1
sparkly,1
spanning,1
span,1
spa,1
soy,1
sources,1
souf,1
sorta,1
soory,1
sooooo,1
soo,1
sonicare,1
somehow,1
someday,1
solves,1
solid,1
solicito,1
sole,1
sojourn,1
soggy,1
software,1
softer,1
softens,1
soft,1
soesnt,1
society,1
soar,1
snub,1
snowy,1
snow,1
snout,1
sniffer,1
sniff,1
snd,1
snag,1
smoothe,1
smokey,1
smith,1
smiles,1
smelt,1
smells,1
smarttechnologies,1
smack,1
sm,1
slyler,1
sludge,1
sls,1
slop,1
slim,1
slides,1
slice,1
slender,1
sleeper,1
slection,1
slap,1
skinny,1
skill,1
skid,1
skate,1
situate,1
situacion,1
sits,1
sisters,1
singapore,1
sing,1
sincerity,1
sinceit,1
simplicity,1
simpler,1
simliar,1
similiar,1
similarity,1
silvery,1
silliness,1
silicone,1
silencer,1
silence,1
sigh,1
sieve,1
siente,1
sideways,1
sidewalk,1
sideburn,1
sick,1
si745,1
shrinkwrap,1
shrinkage,1
shrink,1
shriek,1
shrek,1
shout,1
shound,1
shortness,1
shortie,1
shorten,1
shortcut,1
shoelace,1
shocker,1
shmancy,1
shiver,1
shiseido,1
shipwreck,1
shipper,1
shinier,1
shin,1
shelter,1
sheik,1
sheer,1
shaun,1
sharpie,1
sharper,1
shampoos,1
sham,1
shake,1
shades,1
shabby,1
sexy,1
sever,1
settimgs,1
settigs,1
sets,1
seton,1
setlle,1
setings,1
setback,1
sesame,1
servo,1
services,1
serrados,1
seriouskl,1
seperation,1
seperate,1
separation,1
sent,1
sensitivity,1
sensitive,1
sensation,1
semester,1
selectiion,1
seldomly,1
seed,1
secs,1
seco,1
seche,1
seca,1
sec,1
seborrhoeic,1
seattle,1
sears,1
seamless,1
scuba,1
scrunch,1
screws,1
screamer,1
scratchy,1
scrap,1
schnauzer,1
scenario,1
scary,1
scare,1
savina,1
savannah,1
saturday,1
satisfactory,1
satin,1
sassy,1
sasoon,1
sano,1
sanitation,1
salva,1
salute,1
salt,1
saloon,1
salons,1
sallies,1
sales,1
sais,1
safty,1
sade,1
rvdr5033,1
rvdr5005,1
rv544pkf,1
rv544blu,1
rv544,1
rv473v1,1
rv408,1
runny,1
running,1
rummage,1
rug,1
rr,1
rpm,1
roy,1
row,1
rough,1
roto,1
rotator,1
rotation,1
roseli,1
rosa,1
roomy,1
rooms,1
roomie,1
romanian,1
rollersets,1
rollers,1
rollerball,1
roi,1
rods,1
rocks,1
robust,1
robe,1
roast,1
rma,1
river,1
ritz,1
ritual,1
rise,1
rips,1
rings,1
ringlet,1
ringer,1
rimini,1
rim,1
righties,1
rig,1
rica,1
ribbon,1
rib,1
ri,1
rhode,1
rhinestone,1
rewinds,1
reward,1
revo,1
revival,1
revew,1
reverse,1
revelation,1
reveal,1
revalon,1
reuse,1
reunite,1
returns,1
retro,1
retriever,1
retries,1
retracter,1
retracks,1
retire,1
retinol,1
retieval,1
rethread,1
resuscitation,1
resuelva,1
restrung,1
responsabilidad,1
respiratory,1
respells,1
resolution,1
resident,1
residence,1
reside,1
resend,1
reseach,1
repusieran,1
reps,1
reprimand,1
representative,1
repost,1
replicate,1
replica,1
replacment,1
replaces,1
replacementwill,1
repetitive,1
reparacion,1
reorganize,1
renovate,1
renate,1
rename,1
remover,1
remount,1
reminds,1
reminder,1
remembrance,1
relizar,1
relieve,1
reliable,1
relay,1
relaxer,1
reinstall,1
regulate,1
regualr,1
regrow,1
region,1
regime,1
regenerist,1
regalado,1
regain,1
refurbished,1
refrigerator,1
reflection,1
reflect,1
redness,1
redibreeze,1
rectify,1
rectangle,1
recomment,1
recomendet,1
recomendado,1
recliner,1
reclaim,1
recipe,1
reccomend,1
recapture,1
recall,1
reattaching,1
reassurance,1
reasobable,1
rear,1
realidad,1
reading,1
react,1
rds,1
rdryer,1
rc,1
ray,1
rave,1
rats,1
rationalization,1
rationale,1
raspberry,1
rapida,1
rap,1
rank,1
random,1
ran,1
rainy,1
rail,1
rag,1
racket,1
qvc,1
quote,1
quits,1
quirk,1
queiter,1
quantum,1
qualm,1
qualify,1
qr3,1
qq,1
qaulity,1
q,1
pwer,1
puts,1
purpley,1
purchaser,1
pup,1
puny,1
pumice,1
pullout,1
puedo,1
puddle,1
publish,1
publication,1
psoriasis,1
prpduct,1
proximity,1
providence,1
proud,1
protein,1
protects,1
prostyle,1
prosecute,1
propose,1
proporciona,1
prop,1
pronto,1
promptness,1
prominent,1
prolong,1
profile,1
proficient,1
profession,1
prodcut,1
proclaim,1
processor,1
probelm,1
probe,1
prob,1
proair,1
pro,1
princess,1
prince,1
primp,1
primer,1
primary,1
pricing,1
prices,1
priceless,1
prewall,1
previsto,1
previos,1
preview,1
prespire,1
preset,1
preserve,1
prescribe,1
prelude,1
preformance,1
predacessor,1
preciosa,1
precess,1
precede,1
preassure,1
prduct,1
prayer,1
pray,1
practico,1
ppwer,1
ppl,1
pp,1
powdery,1
pouf,1
pouch,1
potion,1
potential,1
possess,1
positives,1
portrayal,1
portland,1
portable,1
porque,1
porducto,1
porch,1
porcelain,1
population,1
poodle,1
ponytail,1
politician,1
polishes,1
poker,1
poke,1
poece,1
plumping,1
plumb,1
pluck,1
ploy,1
pleasing,1
plea,1
platform,1
plasticy,1
plant,1
planning,1
planet,1
pkg,1
pj,1
pitching,1
pinpoint,1
pigmentation,1
pig,1
pierce,1
pieces,1
pida,1
pictures,1
pibb,1
philps,1
phillps,1
philip,1
phile,1
pfffft,1
petroleum,1
petrify,1
peto,1
peter,1
pertain,1
persuade,1
personaly,1
perry,1
peroxyl,1
permeates,1
performing,1
performer,1
performence,1
performace,1
perch,1
perception,1
peptides,1
pensacola,1
pennie,1
penlet,1
peice,1
peg,1
pefecter,1
pefect,1
peeling,1
pee,1
pediatrics,1
pebco,1
peasy,1
pearlescent,1
pc,1
paycheck,1
paul,1
patching,1
patch,1
paso,1
particulate,1
particularyl,1
particular,1
parlux,1
park,1
pardon,1
paragraph,1
pantheon,1
panasonics,1
panasonic,1
pamphlet,1
pamper,1
palsy,1
palette,1
pale,1
pageant,1
pads,1
paddle,1
packet,1
packability,1
oxy,1
ownership,1
owe,1
overtime,1
overstock,1
oversees,1
overs,1
overprice,1
overpower,1
overnights,1
overlook,1
overload,1
overlay,1
overjoy,1
overdone,1
overcook,1
ovente,1
outs,1
outperforms,1
outgas,1
outfit,1
outdo,1
outage,1
ourchase,1
ouch,1
ot,1
oscillate,1
oscar,1
orleans,1
orlando,1
organize,1
ordeal,1
options,1
opt,1
opposite,1
opi,1
operator,1
operates,1
oove,1
oops,1
ooooooooooo,1
oooooood,1
oooo,1
ony,1
onset,1
ones,1
omit,1
ole,1
ol,1
okie,1
oiliness,1
ohter,1
ohio,1
offset,1
offs,1
offers,1
oem,1
odd,1
occupy,1
occupies,1
occassions,1
obsolescence,1
obagi,1
oak,1
oacute,1
o_o,1
o1,1
nylon,1
nuzzle,1
nut,1
nursery,1
nuisance,1
nugget,1
nuff,1
nudge,1
nuance,1
nt9110,1
nt,1
nozzles,1
nozzel,1
nowadays,1
novelty,1
nov,1
notify,1
notification,1
notes,1
north,1
noone,1
nons,1
noisey,1
nnn,1
nj,1
nite,1
nin,1
nights,1
nightlite,1
nightlights,1
nighters,1
nieghbors,1
niece,1
nerve,1
neither,1
negligence,1
negatives,1
needle,1
necessitate,1
nebraska,1
ne,1
navigate,1
nation,1
naples,1
nape,1
na,1
myth,1
mystery,1
myall,1
muzzle,1
mute,1
mustela,1
muss,1
muse,1
murder,1
multitask,1
multiples,1
mulitple,1
muffler,1
mths,1
mske,1
ms,1
mri,1
mr,1
mower,1
movie,1
mouthpiece,1
mothers,1
motels,1
moss,1
morphs,1
moroccanoil,1
moon,1
moms,1
momma,1
momentum,1
mollies,1
moisturizers,1
moist,1
mohawk,1
modeal,1
mobilize,1
mobile,1
mo20ufht4c35874,1
mney,1
mnay,1
mkt,1
mk_ll,1
mixture,1
mitchell,1
misty,1
misrepresent,1
misplace,1
mishap,1
mishandle,1
minuscule,1
minuites,1
minty,1
mint,1
minor,1
minimize,1
minimal,1
mines,1
mineral,1
milwaukee,1
miles,1
mileage,1
mile,1
midstream,1
midst,1
midlength,1
midair,1
micropore,1
microfiber,1
mickey,1
michigan,1
michael,1
mica,1
mhd,1
mgm,1
mfgrs,1
mexico,1
merkur,1
merit,1
menu,1
mend,1
menace,1
memory,1
membership,1
melting,1
melon,1
melanin,1
mejor,1
meh,1
meets,1
medicine,1
medi,1
mechanic,1
measurement,1
measuments,1
meaning,1
mcdonald,1
maxx,1
maximize,1
maui,1
maturity,1
mature,1
materials,1
mater,1
matchy,1
masculine,1
mart,1
marry,1
marriots,1
marriot,1
marriage,1
marquis,1
marques,1
marlene,1
markup,1
marketplace,1
mariott,1
margin,1
marble,1
marathon,1
manuever,1
manual,1
manipulation,1
mangle,1
manageability,1
mama,1
makeovers,1
maitri,1
maine,1
magnification,1
magic,1
maggie,1
madison,1
machinery,1
maby,1
lush,1
lure,1
lung,1
lunch,1
lubricate,1
lowsettings,1
lowe,1
loveeeeeeeeee,1
lovedd,1
louise,1
louis,1
loudd,1
lottery,1
losers,1
loreal,1
loosen,1
looove,1
looooove,1
looker,1
loofah,1
london,1
lolol,1
lodging,1
lodge,1
locker,1
localize,1
lobe,1
loaction,1
lm,1
living,1
liviano,1
lives,1
littler,1
liters,1
listing,1
listen,1
lipgloss,1
lioke,1
linger,1
limiter,1
lime,1
likke,1
likey,1
likeness,1
like,1
ligth,1
lights,1
lighten,1
ligero,1
lifeline,1
lickidy,1
lick,1
license,1
liar,1
liability,1
li,1
leveling,1
lets,1
lesson,1
less,1
lengthy,1
lend,1
leiu,1
leila,1
legacy,1
leftover,1
lee,1
ledge,1
leathery,1
leap,1
leaf,1
lb,1
lazy,1
layout,1
lawn,1
lavei,1
lavanilla,1
lava,1
launch,1
latin,1
later,1
lasting,1
las,1
land,1
lamp,1
lame,1
laden,1
lacks,1
lace,1
laboratory,1
kw,1
kurukuru,1
konks,1
kohls,1
knowledge,1
knack,1
kk,1
kink,1
kingdom,1
kids,1
kickback,1
keyboard,1
kewl,1
kempf,1
kayak,1
katy,1
katiebabs,1
kate,1
kapalua,1
kansas,1
jw,1
junction,1
jul,1
judgement,1
jsut,1
joy,1
jovi,1
journey,1
jojoba,1
jobbie,1
joanne,1
jiggle,1
jf,1
jewel,1
jerson,1
jerry,1
jerdan,1
jeopardy,1
jennifer,1
jar,1
jackhammer,1
j,1
iwork,1
ivory,1
ive,1
itr,1
itme,1
itis,1
iteration,1
itdries,1
itchiness,1
isthe,1
istelf,1
isolate,1
iq,1
iphone,1
ipad,1
ionshine,1
ionique,1
invest,1
inverter,1
inventory,1
invent,1
intrigue,1
intimidate,1
interrupt,1
internals,1
interim,1
intent,1
insulate,1
instant,1
instalation,1
insight,1
insertion,1
insecure,1
ins,1
inquire,1
input,1
innovation,1
innards,1
inlaw,1
injure,1
inhibitor,1
infuse,1
inform,1
inflict,1
infinti,1
induction,1
induce,1
indoor,1
indicado,1
indianapolis,1
index,1
incredibly,1
inconsistency,1
income,1
inclusion,1
incident,1
inches,1
incentive,1
incense,1
inaccurate,1
improve,1
impressive,1
implies,1
impetus,1
impend,1
impeller,1
impatient,1
imo,1
imitation,1
imho,1
ilovesanta,1
ilghtweight,1
ignorance,1
idk,1
iceland,1
iacute,1
hygienist,1
hygiene,1
hydrogen,1
hwr,1
hve,1
hush,1
huor,1
hundreds,1
hundo,1
humming,1
humm,1
huh,1
huey,1
http,1
hrrrrrrrrrrrrrr,1
hoy,1
houses,1
housemate,1
housekeeper,1
housebound,1
hours,1
hottttt,1
hottest,1
hotness,1
hotlanta,1
hostage,1
horsepower,1
horrify,1
horrid,1
horrible,1
hormone,1
hor,1
hopeless,1
hooks,1
hoo,1
honeymoon,1
honeycomb,1
honey,1
honestidad,1
homemade,1
homeless,1
holland,1
hojos,1
hogwash,1
hog,1
hirt,1
hip,1
hindsight,1
hindrance,1
hilfiger,1
hijack,1
hight,1
highlight,1
hidden,1
hholes,1
hh320lr,1
hh,1
hets,1
hes,1
herstyler,1
hermione,1
henna,1
hem,1
helds,1
heist,1
heh,1
hefty,1
hee,1
heavi,1
heatshrink,1
heatsettings,1
heath,1
hearts,1
heal,1
headquarters,1
headband,1
hay,1
hawaii,1
haw,1
havea,1
hav,1
hasent,1
harmless,1
haridryer,1
happyat,1
happyaddict,1
hankle,1
hanging,1
hangin,1
handwork,1
handles,1
handhelds,1
handgrip,1
hana,1
hallway,1
hairy,1
hairstyling,1
hairsprays,1
hairnobyl,1
hairline,1
haire,1
hahaha,1
haet,1
hack,1
hace,1
h2o,1
gyp,1
gymnastics,1
guys,1
gustaria,1
gum,1
gulf,1
guitar,1
guidlines,1
guesthouse,1
guerlain,1
growth,1
groove,1
groomer,1
grommet,1
grocery,1
gripy,1
grind,1
grief,1
grevery,1
greg,1
greenberg,1
greatness,1
gravity,1
grateful,1
grass,1
grape,1
grap,1
granger,1
grandma,1
grandkids,1
granddaugher,1
grandchild,1
grandbabies,1
grammar,1
grain,1
grail,1
graduation,1
graduate,1
grader,1
gouche,1
got,1
gorda,1
goody,1
goodwill,1
goods,1
goo,1
goning,1
goldendoodle,1
goin,1
goddess,1
glowy,1
glossy,1
glo,1
glide,1
gleam,1
glance,1
girlie,1
girlfreind,1
gir,1
ginga,1
gim,1
gilt,1
gilmore,1
gifts,1
giant,1
gg,1
gfeat,1
gfc,1
georgia,1
gentleman,1
gentile,1
general,1
gee,1
gear,1
gazillion,1
gay,1
gaws,1
gaudy,1
gasoline,1
gash,1
garnier,1
gang,1
gallon,1
gala,1
gaget,1
fuzeion,1
futuras,1
fushia,1
furniture,1
furnace,1
funky,1
funciona,1
fume,1
fulture,1
fulfillment,1
fulfil,1
fuel,1
fuchsia,1
frustrating,1
frou,1
fromit,1
fro,1
frizzzzz,1
frizzle,1
frizziness,1
frizzfactor,1
frizzes,1
fritz,1
friction,1
freshens,1
freshener,1
freezy,1
freez,1
freckles,1
freakinglyyy,1
freak,1
fraud,1
frankly,1
fragerance,1
forty,1
forte,1
formulation,1
formula,1
forgot,1
forgo,1
forehead,1
forefinger,1
fore,1
forceful,1
footstep,1
follow,1
folica,1
folder,1
fohn,1
foggy,1
foam,1
flyway,1
flyaway,1
fluffiness,1
fluctuate,1
flowery,1
flour,1
flop,1
flicker,1
flick,1
flexi,1
flattery,1
flatten,1
flatness,1
flare,1
flames,1
flak,1
fizzies,1
fizz,1
fitness,1
firmness,1
fireworks,1
firefighter,1
fingertips,1
fingernails,1
finesse,1
fineness,1
finding,1
finance,1
finaly,1
fiery,1
fgreat,1
ff,1
feminine,1
fekkai,1
fees,1
february,1
feb,1
favorit,1
favoret,1
fav,1
fauxhawks,1
fatter,1
fathom,1
fastforward,1
farrell,1
fantasy,1
fans,1
familes,1
fam,1
fahrenheit,1
faceplate,1
facail,1
fabreze,1
fabio,1
eyebrow,1
extraordinario,1
extortion,1
extentions,1
extention,1
explosion,1
explodes,1
explanatory,1
expediates,1
expections,1
expand,1
exit,1
existent,1
existence,1
exhuberant,1
exhaustion,1
exhaust,1
exfoliation,1
exfoliate,1
exfoderm,1
exec,1
excruciate,1
exclaim,1
except,1
excelllent,1
excellence,1
examination,1
exact,1
evokes,1
evil,1
evey,1
evev,1
eventuall,1
evening,1
evaluation,1
ev,1
eurotrip,1
euciren,1
eu,1
esto,1
estimate,1
estilistas,1
establecidos,1
escape,1
es,1
eria,1
ergonimics,1
era,1
equipo,1
equip,1
epidermis,1
envision,1
ensenda,1
enrol,1
enrich,1
enjoyment,1
enhancer,1
enhance,1
engage,1
enemy,1
endorsement,1
emptor,1
employment,1
employee,1
emits,1
emission,1
ember,1
embarrassment,1
embarrass,1
emanate,1
elongate,1
electron,1
electrocution,1
elastic,1
elaborate,1
eiffel,1
eh,1
effortless,1
effectivly,1
eeeeee,1
eeee,1
ee,1
education,1
edt,1
economy,1
eco,1
easter,1
easierr,1
eash,1
easer,1
earn,1
dynamo,1
dye,1
dwelling,1
dvice,1
dups,1
dupe,1
duo,1
dumpster,1
duller,1
dula,1
duh,1
duffle,1
dude,1
duckbill,1
duckback,1
dublduck,1
dubai,1
duaghter,1
ds,1
dryng,1
dryit,1
dryings,1
dryiers,1
drye,1
drybar,1
drum,1
druers,1
dropper,1
droplet,1
droopy,1
drinking,1
dress,1
dreds,1
dredds,1
drayer,1
dray,1
draws,1
drat,1
drain,1
dragon,1
draft,1
drab,1
dr,1
downtown,1
downfall,1
dot,1
dosent,1
dorothy,1
dopp,1
doorbell,1
dooper,1
doohickey,1
dood,1
donut,1
donno,1
donation,1
dominicana,1
dollars,1
dokie,1
doggy,1
doesen,1
dod,1
documentation,1
diverter,1
dive,1
distributer,1
distract,1
distal,1
dissolve,1
dissect,1
dissapointing,1
disrupts,1
disregard,1
dispute,1
display,1
disperse,1
dispenser,1
dispense,1
dismay,1
disk,1
disintegrate,1
disinfectant,1
dish,1
discription,1
discretion,1
discreet,1
disclosure,1
discipation,1
discharge,1
discard,1
disc,1
disaster,1
disassemble,1
disappoinment,1
disagree,1
disability,1
dirty,1
diretion,1
directionals,1
dippity,1
dios,1
diode,1
dinosaur,1
dinky,1
ding,1
dimness,1
dimm,1
diminish,1
dimethicone,1
dimensions,1
dime,1
diligent,1
digress,1
difusor,1
diffusser,1
diffusor,1
diffueser,1
differs,1
differentiate,1
differece,1
differ,1
diesel,1
dice,1
diane,1
diamond,1
diameter,1
diagram,1
dexterity,1
devise,1
deva,1
deterrant,1
detent,1
detector,1
detangle,1
destruct,1
destino,1
despise,1
desperation,1
designs,1
designate,1
desighn,1
desea,1
described,1
dermo,1
dermis,1
dermatitis,1
der,1
depth,1
dept,1
depot,1
deposit,1
dependent,1
deodorant,1
deoderant,1
demise,1
dementia,1
dell,1
delivry,1
deliverd,1
delievery,1
degenerate,1
defusser,1
defunct,1
defrizz,1
definition,1
definite,1
define,1
deff,1
defection,1
deduction,1
decreases,1
declutter,1
decline,1
decker,1
decease,1
decaprio,1
debt,1
debbie,1
ddrrrrrrrrrrrrr,1
dd,1
dawson,1
daugthter,1
dangling,1
dampness,1
damange,1
dallas,1
dads,1
d79,1
d3020,1
d2012,1
d167s,1
cylinder,1
customize,1
customization,1
customers,1
custom,1
curves,1
curling,1
curlies,1
curlie,1
curley,1
curlers,1
cupboard,1
cumplio,1
culture,1
cuff,1
cu,1
ct,1
crystal,1
crush,1
crunch,1
crummy,1
cruddy,1
crowd,1
crook,1
crocodile,1
croak,1
crisply,1
cripple,1
cricket,1
crew,1
creme,1
creates,1
creak,1
cranky,1
crackling,1
crackle,1
cpsc,1
coworker,1
cow,1
covet,1
couton,1
counterfit,1
counterclock,1
couldent,1
costumer,1
costa,1
cosmetology,1
cors,1
correspondence,1
correctly,1
correct,1
cornuie,1
corn,1
core,1
cordstop,1
cordkeeper,1
cope,1
coordination,1
coon,1
cools,1
coolish,1
convienience,1
conveinceof,1
contruction,1
controller,1
contractor,1
contr,1
contort,1
contol,1
context,1
constant,1
consistent,1
consistant,1
connoisseur,1
connectors,1
connecting,1
conk,1
conjunction,1
conjuction,1
conjecture,1
congrats,1
congo,1
congeal,1
confusion,1
confront,1
conforme,1
conform,1
confiscate,1
confirmation,1
confinent,1
confession,1
confess,1
conditio,1
condier,1
condiction,1
concoction,1
concise,1
concetrator,1
conait,1
compressor,1
comprenlo,1
compre,1
complicate,1
complement,1
complants,1
complaints,1
compensation,1
compensate,1
compel,1
comparing,1
compactedness,1
compactability,1
community,1
commodity,1
commitment,1
comments,1
command,1
comfortably,1
combustion,1
combs,1
combinatuion,1
combi,1
columbus,1
colorant,1
colorado,1
colon,1
collegen,1
colleague,1
colder,1
coffret,1
cobweb,1
coaster,1
coast,1
coal,1
coach,1
cm_cr_pr_product_top,1
cm_cr_pr_pb_t,1
clumpy,1
clouds,1
cloth,1
closure,1
closing,1
closeout,1
clone,1
clinique,1
clinch,1
climb,1
clients,1
clerk,1
clearing,1
cleanser,1
classy,1
classroom,1
clasp,1
clark,1
claire,1
claims,1
cite,1
circumstance,1
circumference,1
circa,1
chuck,1
chop,1
choosy,1
choke,1
chinese,1
chill,1
chile,1
chihuahua,1
chickens,1
chicken,1
cherry,1
chemistry,1
cheetah,1
cheesy,1
cheerful,1
cheer,1
cheep,1
cheekbone,1
cheek,1
cheat,1
cheapy,1
cheapest,1
chat,1
charity,1
character,1
chalky,1
chagrin,1
certificate,1
ceramix,1
ceramics,1
cer,1
centric,1
celebration,1
cedar,1
cease,1
cc,1
cavity,1
cave,1
cavanagh,1
caulk,1
cater,1
catalogs,1
catalog,1
castille,1
cast,1
casino,1
cartridge,1
cartilage,1
cart,1
carpal,1
carnival,1
carley,1
caribbean,1
carecteristicas,1
caps,1
cancun,1
cancel,1
canada,1
camp,1
calmer,1
calidad,1
caddy,1
cada,1
cabnit,1
cabello,1
cab,1
bypass,1
buzzword,1
buzzboard,1
buyers,1
buttoms,1
butterfly,1
butter,1
bushy,1
bush,1
bus,1
bury,1
burts,1
burnng,1
burney,1
burner,1
bureau,1
bunbeam,1
bumpi,1
bulletproof,1
bulkier,1
bulker,1
bulge,1
built,1
bugger,1
bug,1
buena,1
bt,1
bry,1
brushes,1
brusheads,1
brunt,1
brown,1
brow,1
brookstone,1
bronze,1
broken,1
brilliant,1
brighten,1
briefly,1
briefcase,1
brief,1
bride,1
bridal,1
breast,1
breakthrough,1
breaking,1
breakdown,1
bravo,1
brakers,1
brake,1
boughtt,1
bottons,1
bottomline,1
boton,1
bot,1
boston,1
bore,1
boooooooo,1
booooo,1
boondock,1
boo,1
bon,1
bombshell,1
boiling,1
bogus,1
bode,1
boardroom,1
blushing,1
blurb,1
blunder,1
blowtorch,1
blowouts,1
blowdrying,1
blowdries,1
blowdriers,1
blot,1
blood,1
blonder,1
blister,1
blip,1
blink,1
blind,1
blica,1
blemish,1
bleed,1
blaze,1
blandness,1
bla,1
biweekly,1
bitch,1
bind,1
bikini,1
bhringraj,1
bh407,1
betwee,1
beth,1
best,1
beside,1
bench,1
belief,1
belgium,1
beigey,1
beige,1
beginner,1
befor,1
befo,1
beet,1
beeswax,1
beer,1
beef,1
bedhead,1
becuase,1
becasue,1
beautydepot,1
beautiy,1
beautician,1
bear,1
bean,1
bd,1
bblow,1
bb,1
bathrooms,1
bathers,1
barona,1
barn,1
bark,1
barbara,1
bangs,1
banging,1
ban,1
bam,1
baldness,1
bake,1
bait,1
baggage,1
backside,1
backplate,1
backing,1
backer,1
babylisspro,1
babfrv2,1
babel,1
babbpk2000,1
b004q6lvaw,1
b004q6jl04,1
b004461zl4,1
b002rc8imq,1
b001ue7d32,1
b001mbr4u0,1
b001e6g6fc,1
b001cjj5wc,1
b0017wnhyg,1
b000x2ucjo,1
b000r80ztq,1
b000lqb5ys,1
b000ig83ve,1
b000bfjj7e,1
b000bbgs40,1
b0009xh6xc,1
b0009xh6v4,1
b00007m1u2,1
b00005o0mz,1
b00004ti25,1
azelaic,1
ay,1
axis,1
awesomeness,1
avenue,1
autumn,1
automaticity,1
authorize,1
augment,1
auction,1
attchment,1
attchatment,1
attatchment,1
attachement,1
attachables,1
att,1
atom,1
ater,1
atay,1
ata,1
assistant,1
assist,1
assests,1
assessment,1
aspects,1
ashley,1
artwork,1
arthrogryposis,1
around,1
armpit,1
armes,1
arises,1
arid,1
argue,1
argon,1
areal,1
apt,1
approval,1
applicators,1
appliances,1
appendage,1
appearence,1
appear,1
apart,1
apagar,1
apace,1
anywheres,1
antonio,1
ant,1
anotherone,1
anotherfrom,1
annoying,1
anniversary,1
andies,1
andel,1
ancient,1
anchoring,1
analyze,1
amzon,1
amuse,1
amps,1
ample,1
amperage,1
amonia,1
ammeter,1
americans,1
amercans,1
amenity,1
amend,1
amazonians,1
amazan,1
amaon,1
altitude,1
aloe,1
almond,1
allows,1
allergic,1
allen,1
align,1
albeit,1
aka,1
airspeed,1
airport,1
aire,1
aircraft,1
aim,1
aggravate,1
agent,1
afterwork,1
aftermarket,1
afterburner,1
afro,1
affords,1
advertisement,1
adventure,1
adore,1
adopter,1
adjustments,1
adjustmentas,1
adjuster,1
addtion,1
addt,1
addict,1
adamant,1
adage,1
activation,1
ace,1
accustom,1
accomodates,1
accicent,1
accesories,1
accent,1
acai,1
ac9096,1
ac215c,1
abut,1
absurd,1
absorbs,1
absoloutley,1
aboard,1
aaajabu,1
aaa,1
_____,1
15minutes,1
15mins,1
10years,1
