star_rating,word,count
5,work,1059
5,time,982
5,blow,801
5,price,706
5,heat,658
5,cord,605
5,purchase,487
5,air,486
5,power,473
5,travel,448
5,look,384
5,speed,318
5,size,306
5,wife,290
5,button,276
5,bathroom,267
5,quality,266
5,style,265
5,order,263
5,minute,258
5,home,250
5,hotel,244
5,conair,233
5,model,229
5,hand,222
5,wall,219
5,daughter,211
5,color,204
5,feature,199
5,problem,186
5,money,184
5,light,184
5,works,182
5,weight,168
5,unit,168
5,mount,165
5,try,159
5,brand,155
5,half,154
5,store,153
5,attachment,151
5,feel,149
5,item,140
5,need,138
5,diffuser,131
5,handle,130
5,bit,130
5,temperature,127
5,anyone,125
5,space,124
5,amazon,124
5,salon,123
5,night,121
5,dries,120
5,difference,120
5,cool,120
5,week,118
5,control,118
5,medium,117
5,frizz,110
5,something,108
5,switch,106
5,fan,105
5,length,104
5,voltage,102
5,place,102
5,option,101
5,dry,100
5,design,100
5,thick,99
5,others,97
5,end,96
5,brush,96
5,iron,94
5,gift,94
5,fast,92
5,anything,92
5,issue,90
5,head,88
5,trip,87
5,everything,87
5,help,86
5,people,85
5,hold,85
5,damage,85
5,volume,83
5,room,83
5,result,83
5,plug,82
5,pack,82
5,perfect,81
5,break,80
5,thanks,79
5,morning,79
5,fact,79
5,deal,78
5,convenient,78
5,ion,75
5,fit,75
5,curl,75
5,change,75
5,friend,74
5,complaint,74
5,value,73
5,remington,72
5,life,72
5,think,71
5,mine,71
5,cost,71
5,recommend,70
5,make,70
5,motor,69
5,blowdryer,69
5,husband,68
5,thank,67
5,part,66
5,watt,65
5,shot,65
5,replacement,65
5,side,64
5,level,64
5,hairdryers,64
5,body,64
5,amount,64
5,house,62
5,flow,62
5,christmas,62
5,case,62
5,shoulder,61
5,cut,61
5,noise,60
5,stay,59
5,hang,59
5,find,59
5,course,59
5,compare,59
5,blower,59
5,counter,57
5,start,56
5,glad,56
5,concentrator,56
5,turn,55
5,pay,55
5,nothing,55
5,mom,55
5,kind,54
5,burn,54
5,bag,54
5,star,53
5,service,53
5,delivery,53
5,vacation,51
5,stylist,51
5,min,51
5,die,51
5,reason,50
5,type,49
5,storage,49
5,customer,49
5,water,48
5,hour,48
5,excellent,48
5,arm,48
5,amaze,48
5,take,47
5,research,47
5,sister,46
5,wattage,45
5,point,45
5,frizzy,45
5,family,45
5,everyone,45
5,drop,45
5,comb,45
5,worth,44
5,warranty,44
5,expectation,44
5,drier,44
5,performance,43
5,figure,43
5,choice,43
5,bath,43
5,sound,42
5,couple,42
5,box,42
5,see,41
5,andis,41
5,tell,40
5,notice,40
5,hope,40
5,decide,40
5,base,40
5,round,39
5,roller,39
5,retract,39
5,picture,39
5,experience,39
5,condition,39
5,cause,38
5,win,37
5,technology,37
5,state,37
5,someone,37
5,sit,37
5,shipping,37
5,right,37
5,grip,37
5,function,37
5,dog,37
5,cold,37
5,bonus,37
5,smooth,36
5,shine,36
5,seller,36
5,return,36
5,move,36
5,line,36
5,drawer,36
5,wind,35
5,super,35
5,oil,35
5,keep,35
5,idea,35
5,disappoint,35
5,compact,35
5,bonnet,35
5,turbo,34
5,tool,34
5,surprise,34
5,revlon,34
5,plastic,34
5,mirror,34
5,mention,34
5,wash,33
5,wait,33
5,version,33
5,shiny,33
5,search,33
5,filter,33
5,company,33
5,comment,33
5,beauty,33
5,t3,32
5,smell,32
5,process,32
5,area,32
5,push,31
5,market,31
5,investment,31
5,hairdresser,31
5,come,31
5,spot,30
5,range,30
5,penny,30
5,none,30
5,mother,30
5,matter,30
5,loud,30
5,let,30
5,claim,30
5,addition,30
5,lightweight,29
5,finger,29
5,europe,29
5,drying,29
5,woman,28
5,want,28
5,today,28
5,tire,28
5,quieter,28
5,guest,28
5,fine,28
5,drys,28
5,beat,28
5,temp,27
5,read,27
5,piece,27
5,name,27
5,install,27
5,guess,27
5,force,27
5,fold,27
5,fall,27
5,device,27
5,visit,26
5,tourmaline,26
5,stop,26
5,spend,26
5,number,26
5,girl,26
5,eye,26
5,deliver,26
5,baby,26
5,wonder,25
5,texture,25
5,suitcase,25
5,strength,25
5,silky,25
5,set,25
5,section,25
5,plenty,25
5,nice,25
5,manage,25
5,hood,25
5,guy,25
5,face,25
5,conditioner,25
5,care,25
5,sink,24
5,outlet,24
5,mind,24
5,lots,24
5,bill,24
5,styler,23
5,ship,23
5,package,23
5,ease,23
5,dyer,23
5,coarse,23
5,chi,23
5,blast,23
5,ask,23
5,appliance,23
5,warm,22
5,ton,22
5,test,22
5,straighten,22
5,skin,22
5,scalp,22
5,quick,22
5,person,22
5,man,22
5,inch,22
5,improvement,22
5,cute,22
5,bulky,22
5,tangle,21
5,slide,21
5,regret,21
5,pink,21
5,nozzle,21
5,noisy,21
5,lint,21
5,law,21
5,hook,21
5,direction,21
5,cover,21
5,country,21
5,convenience,21
5,well,20
5,stuff,20
5,shower,20
5,shape,20
5,pitch,20
5,mean,20
5,machine,20
5,kid,20
5,hop,20
5,hate,20
5,duty,20
5,dust,20
5,vanity,19
5,touch,19
5,target,19
5,shop,19
5,saver,19
5,note,19
5,instruction,19
5,gym,19
5,enjoy,19
5,efficient,19
5,easy,19
5,business,19
5,ability,19
5,waste,18
5,trouble,18
5,tape,18
5,sassoon,18
5,run,18
5,quicker,18
5,press,18
5,position,18
5,please,18
5,opinion,18
5,hairstylist,18
5,frizzies,18
5,dryers,18
5,description,18
5,combination,18
5,client,18
5,cheap,18
5,chance,18
5,bracket,18
5,yr,17
5,yes,17
5,wire,17
5,wave,17
5,top,17
5,stick,17
5,share,17
5,shampoo,17
5,put,17
5,matte,17
5,marriott,17
5,door,17
5,concern,17
5,charge,17
5,carry,17
5,bring,17
5,awesome,17
5,winter,16
5,w,16
5,towel,16
5,tools,16
5,system,16
5,sunbeam,16
5,summer,16
5,straight,16
5,sell,16
5,sale,16
5,plan,16
5,overheat,16
5,moisture,16
5,humidity,16
5,hot,16
5,girlfriend,16
5,durability,16
5,con,16
5,complain,16
5,com,16
5,check,16
5,breaker,16
5,thrill,15
5,surface,15
5,sure,15
5,standard,15
5,son,15
5,reviewer,15
5,rest,15
5,repair,15
5,reach,15
5,rating,15
5,punch,15
5,promise,15
5,perform,15
5,packaging,15
5,output,15
5,mess,15
5,meet,15
5,manufacturer,15
5,fry,15
5,excelente,15
5,drug,15
5,dollar,15
5,cooler,15
5,call,15
5,buck,15
5,wet,14
5,thumb,14
5,supply,14
5,sturdy,14
5,screen,14
5,record,14
5,pull,14
5,online,14
5,offer,14
5,mini,14
5,lock,14
5,foot,14
5,floor,14
5,create,14
5,charm,14
5,cabinet,14
5,bargain,14
5,balance,14
5,adapter,14
5,wrap,13
5,wish,13
5,variety,13
5,treatment,13
5,tip,13
5,timer,13
5,stream,13
5,straightener,13
5,show,13
5,sedu,13
5,scent,13
5,root,13
5,post,13
5,material,13
5,lol,13
5,japan,13
5,installation,13
5,heavy,13
5,good,13
5,forever,13
5,folds,13
5,fly,13
5,finish,13
5,coat,13
5,circuit,13
5,borrow,13
5,benefit,13
5,attach,13
5,age,13
5,worry,12
5,world,12
5,velocity,12
5,update,12
5,treat,12
5,toothbrush,12
5,stand,12
5,solution,12
5,settings,12
5,selection,12
5,roll,12
5,rate,12
5,past,12
5,mode,12
5,limit,12
5,jet,12
5,im,12
5,hassle,12
5,harry,12
5,gel,12
5,fun,12
5,focus,12
5,fits,12
5,faster,12
5,extension,12
5,effect,12
5,e,12
5,decade,12
5,clutter,12
5,class,12
5,car,12
5,blowdryers,12
5,barrel,12
5,alot,12
5,adjustment,12
5,add,12
5,wow,11
5,word,11
5,wavy,11
5,watch,11
5,volt,11
5,vidal,11
5,user,11
5,teeth,11
5,sooner,11
5,slip,11
5,silver,11
5,screw,11
5,safety,11
5,quit,11
5,pretty,11
5,oo,11
5,neck,11
5,muy,11
5,match,11
5,grade,11
5,gadget,11
5,forget,11
5,feels,11
5,engine,11
5,decision,11
5,converter,11
5,continue,11
5,consumer,11
5,construction,11
5,conditioning,11
5,college,11
5,closet,11
5,clip,11
5,catch,11
5,cap,11
5,camper,11
5,boy,11
5,bottom,11
5,book,11
5,blade,11
5,birthday,11
5,bedroom,11
5,backup,11
5,b,11
5,advertise,11
5,xtava,10
5,walmart,10
5,v,10
5,twin,10
5,trust,10
5,term,10
5,talk,10
5,smoother,10
5,save,10
5,rv,10
5,rubber,10
5,retraction,10
5,retractable,10
5,razor,10
5,print,10
5,motel,10
5,metal,10
5,master,10
5,maneuver,10
5,makeup,10
5,lotion,10
5,looks,10
5,list,10
5,lady,10
5,know,10
5,imagine,10
5,image,10
5,housing,10
5,holder,10
5,hesitate,10
5,front,10
5,fool,10
5,everyday,10
5,elchim,10
5,el,10
5,doubt,10
5,discount,10
5,convince,10
5,compliment,10
5,clean,10
5,cable,10
5,buying,10
5,bueno,10
5,breeze,10
5,asin,10
5,appreciate,10
5,adjust,10
5,weekend,9
5,wear,9
5,vent,9
5,twist,9
5,tv,9
5,suppose,9
5,suit,9
5,spray,9
5,spark,9
5,snap,9
5,site,9
5,silk,9
5,scorch,9
5,school,9
5,saw,9
5,road,9
5,require,9
5,reel,9
5,receive,9
5,quiet,9
5,prone,9
5,prevent,9
5,pressure,9
5,pleasant,9
5,placement,9
5,phone,9
5,period,9
5,pain,9
5,operate,9
5,multiple,9
5,moment,9
5,luggage,9
5,locate,9
5,leg,9
5,josh,9
5,hole,9
5,hear,9
5,give,9
5,fragrance,9
5,fire,9
5,failure,9
5,etc,9
5,element,9
5,efficiency,9
5,dresser,9
5,drawback,9
5,date,9
5,dark,9
5,countertop,9
5,contact,9
5,consider,9
5,cons,9
5,condo,9
5,choose,9
5,c,9
5,bird,9
5,beach,9
5,back,9
5,avoid,9
5,arthritis,9
5,appearance,9
5,action,9
5,accessory,9
5,yeah,8
5,write,8
5,winner,8
5,watts,8
5,wake,8
5,transformer,8
5,titanium,8
5,throw,8
5,thicker,8
5,thats,8
5,tame,8
5,stock,8
5,step,8
5,sort,8
5,soap,8
5,shelf,8
5,self,8
5,seem,8
5,say,8
5,retractor,8
5,resort,8
5,report,8
5,protection,8
5,professional,8
5,pricey,8
5,pound,8
5,pick,8
5,performs,8
5,oh,8
5,non,8
5,moisturizer,8
5,miracle,8
5,men,8
5,mangroomer,8
5,longevity,8
5,lift,8
5,lack,8
5,la,8
5,keeper,8
5,judge,8
5,ionic,8
5,hurt,8
5,handy,8
5,haha,8
5,granddaughter,8
5,glass,8
5,fraction,8
5,favorite,8
5,expect,8
5,excelent,8
5,event,8
5,energy,8
5,electricity,8
5,effort,8
5,depend,8
5,defuser,8
5,curler,8
5,cream,8
5,coil,8
5,cash,8
5,capability,8
5,basis,8
5,bang,8
5,average,8
5,article,8
5,apartment,8
5,airflow,8
5,afterwards,8
5,admit,8
5,adaptor,8
5,access,8
5,ac,8
5,years,7
5,x,7
5,wrist,7
5,workout,7
5,wonderful,7
5,weather,7
5,waist,7
5,understand,7
5,trick,7
5,toy,7
5,teenage,7
5,tag,7
5,smoke,7
5,simple,7
5,shock,7
5,rush,7
5,retracts,7
5,r,7
5,purpose,7
5,purple,7
5,pros,7
5,plate,7
5,photo,7
5,paint,7
5,ok,7
5,mechanism,7
5,manufacture,7
5,kinda,7
5,italy,7
5,intensity,7
5,intake,7
5,increase,7
5,impress,7
5,heating,7
5,heartbeat,7
5,gfci,7
5,france,7
5,flip,7
5,feedback,7
5,fault,7
5,eliminate,7
5,dream,7
5,dig,7
5,detail,7
5,death,7
5,crack,7
5,conversation,7
5,comparison,7
5,chord,7
5,chair,7
5,bunch,7
5,build,7
5,bother,7
5,blonde,7
5,bank,7
5,attachments,7
5,advantage,7
5,accident,7
5,zebra,6
5,yay,6
5,wise,6
5,window,6
5,walk,6
5,vendor,6
5,vacuum,6
5,transition,6
5,tone,6
5,thought,6
5,terrific,6
5,technique,6
5,tad,6
5,steam,6
5,spare,6
5,sore,6
5,shut,6
5,shoe,6
5,scar,6
5,routine,6
5,revolution,6
5,regard,6
5,recommendation,6
5,recoil,6
5,realize,6
5,question,6
5,provide,6
5,producto,6
5,produce,6
5,preference,6
5,practice,6
5,pleasure,6
5,perm,6
5,oster,6
5,operation,6
5,okay,6
5,occasion,6
5,nano,6
5,n,6
5,multi,6
5,micro,6
5,member,6
5,manipulate,6
5,mane,6
5,mail,6
5,luck,6
5,loves,6
5,load,6
5,lite,6
5,layer,6
5,lay,6
5,lash,6
5,john,6
5,information,6
5,hurry,6
5,hearing,6
5,hanger,6
5,hairbrush,6
5,grab,6
5,gon,6
5,gf,6
5,future,6
5,functionality,6
5,frame,6
5,feeling,6
5,fee,6
5,fancy,6
5,everytime,6
5,everybody,6
5,equipment,6
5,edge,6
5,ear,6
5,drugstore,6
5,drive,6
5,difficulty,6
5,dad,6
5,cuts,6
5,cuticle,6
5,curve,6
5,cruise,6
5,crazy,6
5,count,6
5,cosmetologist,6
5,cook,6
5,cent,6
5,burst,6
5,bulk,6
5,budget,6
5,bright,6
5,boyfriend,6
5,bouncy,6
5,beautiful,6
5,awhile,6
5,attempt,6
5,anybody,6
5,allow,6
5,adult,6
5,ad,6
5,absolute,6
5,vs501,5
5,versus,5
5,tunnel,5
5,transaction,5
5,town,5
5,thickness,5
5,surgery,5
5,sufficient,5
5,struggle,5
5,strip,5
5,spring,5
5,socket,5
5,shift,5
5,shadow,5
5,send,5
5,select,5
5,second,5
5,satisfy,5
5,rubbery,5
5,rub,5
5,roommate,5
5,risk,5
5,requirement,5
5,request,5
5,rental,5
5,remark,5
5,relationship,5
5,quite,5
5,que,5
5,prove,5
5,protector,5
5,priority,5
5,prevents,5
5,powerfull,5
5,portability,5
5,perfume,5
5,party,5
5,paper,5
5,pair,5
5,orange,5
5,onei,5
5,nightlight,5
5,nicer,5
5,music,5
5,mk,5
5,miss,5
5,mi,5
5,messy,5
5,mark,5
5,magazine,5
5,loss,5
5,loop,5
5,location,5
5,llego,5
5,latch,5
5,l,5
5,kit,5
5,kill,5
5,keeps,5
5,jerdon,5
5,internet,5
5,infinity,5
5,impression,5
5,hype,5
5,hurricane,5
5,hum,5
5,hsi,5
5,hotels,5
5,hit,5
5,hint,5
5,high,5
5,hi,5
5,heck,5
5,heart,5
5,health,5
5,habit,5
5,ha,5
5,grow,5
5,go,5
5,ghost,5
5,generator,5
5,fuse,5
5,frieda,5
5,folding,5
5,flyaways,5
5,floss,5
5,fix,5
5,fill,5
5,fhi,5
5,felt,5
5,favor,5
5,fail,5
5,factor,5
5,exception,5
5,error,5
5,england,5
5,eardrum,5
5,distance,5
5,discountjungle,5
5,discontinue,5
5,disappear,5
5,desire,5
5,describe,5
5,dentist,5
5,criticism,5
5,construct,5
5,concentrators,5
5,collection,5
5,clothes,5
5,click,5
5,chain,5
5,cat,5
5,carlton,5
5,capacity,5
5,cant,5
5,cancer,5
5,buttons,5
5,burnt,5
5,broke,5
5,blue,5
5,blah,5
5,band,5
5,bald,5
5,babyliss,5
5,auto,5
5,assure,5
5,arrive,5
5,application,5
5,anchor,5
5,afford,5
5,yesterday,4
5,yellowbird,4
5,xmas,4
5,worker,4
5,whine,4
5,wheel,4
5,vibration,4
5,vegas,4
5,usage,4
5,tweezer,4
5,tstudio,4
5,trap,4
5,transport,4
5,trade,4
5,tie,4
5,tidy,4
5,teen,4
5,syndrome,4
5,support,4
5,suction,4
5,success,4
5,styling,4
5,studio,4
5,stretch,4
5,straighter,4
5,stores,4
5,sticker,4
5,stars,4
5,speak,4
5,sparkle,4
5,sorry,4
5,solve,4
5,si,4
5,sheet,4
5,shatter,4
5,shade,4
5,sense,4
5,selector,4
5,secure,4
5,screwdriver,4
5,scratch,4
5,science,4
5,saves,4
5,satisfaction,4
5,rocket,4
5,rock,4
5,reports,4
5,remove,4
5,relief,4
5,reliability,4
5,release,4
5,reduction,4
5,reasonable,4
5,purse,4
5,pump,4
5,proof,4
5,production,4
5,present,4
5,premium,4
5,prefer,4
5,pre,4
5,pop,4
5,plain,4
5,pet,4
5,pearl,4
5,pattern,4
5,pass,4
5,para,4
5,notch,4
5,nonsense,4
5,neon,4
5,motorhome,4
5,motion,4
5,molecule,4
5,mid,4
5,male,4
5,maintenance,4
5,magnet,4
5,luxury,4
5,luv,4
5,lug,4
5,louder,4
5,longer,4
5,letter,4
5,leopard,4
5,leaves,4
5,leave,4
5,learn,4
5,ladies,4
5,knock,4
5,keratin,4
5,jump,4
5,ironing,4
5,ireland,4
5,invention,4
5,ii,4
5,ideal,4
5,humid,4
5,household,4
5,hotter,4
5,hey,4
5,hello,4
5,heats,4
5,hangs,4
5,ground,4
5,grill,4
5,goodness,4
5,gold,4
5,glue,4
5,fulfill,4
5,fue,4
5,frequency,4
5,form,4
5,fluffy,4
5,florida,4
5,flight,4
5,flawless,4
5,flaw,4
5,fight,4
5,fashion,4
5,expert,4
5,exelente,4
5,ergonomics,4
5,encounter,4
5,email,4
5,electronics,4
5,drill,4
5,dreyer,4
5,distribute,4
5,discover,4
5,diffuse,4
5,delivers,4
5,delight,4
5,defrost,4
5,decent,4
5,damp,4
5,cup,4
5,criterion,4
5,crap,4
5,craft,4
5,convert,4
5,container,4
5,contain,4
5,consideration,4
5,connect,4
5,concentration,4
5,conairs,4
5,computer,4
5,comfort,4
5,colour,4
5,clunky,4
5,clipper,4
5,cleaning,4
5,chip,4
5,child,4
5,chemo,4
5,chemical,4
5,charger,4
5,center,4
5,cage,4
5,buyer,4
5,bristle,4
5,braid,4
5,bottle,4
5,boot,4
5,bob,4
5,board,4
5,blows,4
5,blowout,4
5,blowdry,4
5,block,4
5,blackbird,4
5,bien,4
5,bell,4
5,begin,4
5,become,4
5,battery,4
5,bare,4
5,bar,4
5,awkward,4
5,attention,4
5,annoy,4
5,angle,4
5,amp,4
5,allure,4
5,youtube,3
5,york,3
5,yo,3
5,wig,3
5,whip,3
5,website,3
5,wax,3
5,waviness,3
5,wan,3
5,wallet,3
5,vs,3
5,v2,3
5,ups,3
5,u,3
5,tube,3
5,truth,3
5,truly,3
5,truck,3
5,trailer,3
5,towards,3
5,tote,3
5,toggle,3
5,todo,3
5,till,3
5,thinner,3
5,things,3
5,thin,3
5,thaw,3
5,tend,3
5,ten,3
5,tax,3
5,task,3
5,tablet,3
5,table,3
5,ta,3
5,sweat,3
5,superb,3
5,suffer,3
5,strand,3
5,steal,3
5,states,3
5,squirrel,3
5,spread,3
5,split,3
5,spending,3
5,speeds,3
5,specification,3
5,soooo,3
5,sooo,3
5,solder,3
5,sock,3
5,soak,3
5,sleep,3
5,skincare,3
5,sight,3
5,shorter,3
5,shopping,3
5,shipment,3
5,shinny,3
5,shiney,3
5,shell,3
5,shaver,3
5,serves,3
5,semi,3
5,selling,3
5,seat,3
5,seal,3
5,scream,3
5,scheme,3
5,schedule,3
5,rotate,3
5,rocker,3
5,roar,3
5,reviews,3
5,retracting,3
5,retain,3
5,results,3
5,reservoir,3
5,reservation,3
5,rescue,3
5,renaissance,3
5,remind,3
5,remain,3
5,relax,3
5,regrowth,3
5,reduces,3
5,recomiendo,3
5,reaction,3
5,raise,3
5,rain,3
5,pun,3
5,protect,3
5,property,3
5,prompt,3
5,promote,3
5,products,3
5,procedure,3
5,pricy,3
5,presentation,3
5,prepare,3
5,predecessor,3
5,possibility,3
5,portion,3
5,pool,3
5,poof,3
5,pony,3
5,pixie,3
5,pin,3
5,pic,3
5,perspective,3
5,pelo,3
5,peel,3
5,par,3
5,overall,3
5,opportunity,3
5,ooo,3
5,olay,3
5,office,3
5,odor,3
5,nyc,3
5,net,3
5,nail,3
5,movement,3
5,mousse,3
5,mo,3
5,mistake,3
5,minuet,3
5,milk,3
5,mighty,3
5,method,3
5,mesh,3
5,measure,3
5,max,3
5,mask,3
5,mascara,3
5,maintain,3
5,low,3
5,lo,3
5,lie,3
5,laundry,3
5,lake,3
5,label,3
5,knob,3
5,kitchen,3
5,kinky,3
5,kick,3
5,k,3
5,joke,3
5,joico,3
5,ionizer,3
5,ionization,3
5,info,3
5,indication,3
5,independence,3
5,incredible,3
5,hung,3
5,hubby,3
5,horse,3
5,honor,3
5,holster,3
5,hilton,3
5,hesitation,3
5,heft,3
5,headache,3
5,haul,3
5,hands,3
5,hampton,3
5,halfway,3
5,hairstyle,3
5,hairspray,3
5,haircare,3
5,gun,3
5,groom,3
5,greece,3
5,greasy,3
5,gray,3
5,gimmick,3
5,gfi,3
5,gentle,3
5,generate,3
5,game,3
5,furthermore,3
5,fur,3
5,friends,3
5,friday,3
5,freezer,3
5,freedom,3
5,fragile,3
5,foundation,3
5,fortune,3
5,food,3
5,fond,3
5,folk,3
5,flash,3
5,fixture,3
5,firm,3
5,fingertip,3
5,female,3
5,featherweight,3
5,farouk,3
5,excite,3
5,exchange,3
5,esp,3
5,environment,3
5,engineer,3
5,emit,3
5,dryness,3
5,dryes,3
5,drag,3
5,downstairs,3
5,downside,3
5,dorm,3
5,doorstep,3
5,disturb,3
5,discomfort,3
5,dim,3
5,destroy,3
5,derby,3
5,demand,3
5,delay,3
5,decibel,3
5,dealer,3
5,dc,3
5,darker,3
5,cycle,3
5,cvs,3
5,cutter,3
5,cuba,3
5,coworkers,3
5,coupon,3
5,cottage,3
5,corse,3
5,convient,3
5,convertor,3
5,contry,3
5,confidence,3
5,concentrate,3
5,component,3
5,como,3
5,communication,3
5,combine,3
5,climate,3
5,chore,3
5,chicago,3
5,cheapo,3
5,cheapies,3
5,cheapie,3
5,channel,3
5,changer,3
5,chamber,3
5,category,3
5,catcher,3
5,buenisimo,3
5,buen,3
5,btw,3
5,bs,3
5,brighter,3
5,breakage,3
5,brace,3
5,bomb,3
5,blowing,3
5,blond,3
5,blo,3
5,blend,3
5,bleach,3
5,biggie,3
5,bet,3
5,bend,3
5,bed,3
5,beating,3
5,beast,3
5,beard,3
5,battle,3
5,aways,3
5,asap,3
5,arrival,3
5,approx,3
5,appeal,3
5,anyways,3
5,answer,3
5,amazing,3
5,alternate,3
5,aid,3
5,africa,3
5,advertising,3
5,activity,3
5,act,3
5,account,3
5,accommodate,3
5,ac2015,3
5,_,3
5,zipper,2
5,zip,2
5,ya,2
5,workhorse,2
5,wood,2
5,wiring,2
5,width,2
5,wider,2
5,whistle,2
5,whisper,2
5,whatsoever,2
5,wen,2
5,warn,2
5,warmer,2
5,wallmount,2
5,vs750,2
5,volumn,2
5,visitor,2
5,vice,2
5,vibrant,2
5,vetiver,2
5,versatile,2
5,versa,2
5,verdict,2
5,vender,2
5,velvety,2
5,velcro,2
5,vanilla,2
5,vac,2
5,upwards,2
5,upgrade,2
5,ulta,2
5,twinturbo,2
5,twenty,2
5,tt,2
5,tsi,2
5,troy,2
5,trimmer,2
5,trim,2
5,trigger,2
5,tress,2
5,traveler,2
5,track,2
5,toyozumi,2
5,tornado,2
5,topic,2
5,toothpaste,2
5,tooth,2
5,toe,2
5,ties,2
5,tick,2
5,thursday,2
5,thumbs,2
5,tho,2
5,thailand,2
5,th,2
5,tescom,2
5,terrify,2
5,tender,2
5,tendency,2
5,tells,2
5,television,2
5,telephone,2
5,teeny,2
5,tea,2
5,taste,2
5,targets,2
5,tail,2
5,tab,2
5,t2000,2
5,swears,2
5,sustain,2
5,susan,2
5,survivor,2
5,supermarket,2
5,sunburn,2
5,suggest,2
5,suck,2
5,substitute,2
5,stupidity,2
5,stress,2
5,streamline,2
5,stray,2
5,stranger,2
5,story,2
5,steamer,2
5,station,2
5,statement,2
5,spritz,2
5,sponge,2
5,splurge,2
5,specialty,2
5,spain,2
5,spacer,2
5,soothe,2
5,solano,2
5,softness,2
5,smoothness,2
5,smart,2
5,slippery,2
5,skip,2
5,situation,2
5,sign,2
5,sides,2
5,shutoff,2
5,shu,2
5,short,2
5,shiner,2
5,sheen,2
5,shack,2
5,session,2
5,servicio,2
5,serum,2
5,semblance,2
5,secado,2
5,seasons,2
5,se,2
5,scotland,2
5,score,2
5,scale,2
5,scald,2
5,sausage,2
5,sanyo,2
5,sacrifice,2
5,rusk,2
5,rule,2
5,rite,2
5,ridge,2
5,rewind,2
5,retailer,2
5,respond,2
5,respect,2
5,reset,2
5,reputation,2
5,renter,2
5,rent,2
5,remorse,2
5,remodel,2
5,regular,2
5,register,2
5,refuse,2
5,recovery,2
5,receptacle,2
5,receipt,2
5,reader,2
5,ratio,2
5,rat,2
5,rapido,2
5,randomly,2
5,radio,2
5,quietness,2
5,quickley,2
5,quadraion,2
5,pure,2
5,puffy,2
5,puffiness,2
5,ps,2
5,pry,2
5,proversa,2
5,project,2
5,prod,2
5,pride,2
5,presto,2
5,prefect,2
5,precision,2
5,praise,2
5,powerhouse,2
5,powder,2
5,potty,2
5,potent,2
5,possession,2
5,portofino,2
5,polo,2
5,pole,2
5,plunge,2
5,plum,2
5,plugin,2
5,play,2
5,pistol,2
5,pipe,2
5,pinch,2
5,pibbs,2
5,phrase,2
5,perfecto,2
5,perfection,2
5,pen,2
5,parlor,2
5,pangea,2
5,palm,2
5,page,2
5,pace,2
5,p,2
5,oz,2
5,owner,2
5,ounce,2
5,otherwise,2
5,organization,2
5,organics,2
5,ooooo,2
5,oomph,2
5,ons,2
5,omg,2
5,occur,2
5,nuts,2
5,novelties,2
5,nonetheless,2
5,nivea,2
5,nissyo,2
5,news,2
5,neighbor,2
5,neat,2
5,naturcolor,2
5,nanocare,2
5,muscle,2
5,multitude,2
5,mrs,2
5,monster,2
5,moisturize,2
5,modify,2
5,mm,2
5,mixer,2
5,missus,2
5,mission,2
5,minutes,2
5,minoxidil,2
5,miniature,2
5,middle,2
5,merchant,2
5,melt,2
5,mat,2
5,massage,2
5,mass,2
5,mas,2
5,marketing,2
5,manner,2
5,malfunction,2
5,maker,2
5,majority,2
5,mac,2
5,luvv,2
5,lt,2
5,loving,2
5,lose,2
5,lord,2
5,logo,2
5,loan,2
5,lion,2
5,liner,2
5,linen,2
5,lighter,2
5,lifetime,2
5,lever,2
5,lent,2
5,lemon,2
5,least,2
5,le,2
5,lavender,2
5,lavatory,2
5,lasts,2
5,lap,2
5,labor,2
5,kudos,2
5,knot,2
5,knee,2
5,key,2
5,jury,2
5,jj,2
5,jiffy,2
5,jf1,2
5,jewelry,2
5,jam,2
5,introduce,2
5,interest,2
5,intend,2
5,insure,2
5,instructions,2
5,instance,2
5,inside,2
5,inn,2
5,ingredient,2
5,infusion,2
5,industry,2
5,indicate,2
5,include,2
5,incase,2
5,imagination,2
5,id,2
5,hydrate,2
5,hunt,2
5,hr,2
5,houston,2
5,housekeeping,2
5,hoot,2
5,hollywood,2
5,ho,2
5,hinge,2
5,hija,2
5,hesitant,2
5,hell,2
5,height,2
5,healthier,2
5,hd,2
5,harsh,2
5,hardware,2
5,hard,2
5,happier,2
5,happen,2
5,handset,2
5,handling,2
5,handheld,2
5,hais,2
5,hairs,2
5,hairdriers,2
5,haircut,2
5,h,2
5,grrr,2
5,grey,2
5,grease,2
5,grate,2
5,google,2
5,goal,2
5,glow,2
5,glitter,2
5,girls,2
5,gentler,2
5,genius,2
5,generic,2
5,gemstone,2
5,gem,2
5,geat,2
5,ge,2
5,gap,2
5,gain,2
5,fyi,2
5,fuzzy,2
5,fullness,2
5,fruity,2
5,fruit,2
5,friz,2
5,frills,2
5,freeze,2
5,fray,2
5,follicle,2
5,fluff,2
5,flimsy,2
5,flimpsy,2
5,flatiron,2
5,flake,2
5,fl,2
5,fingerprint,2
5,file,2
5,fighter,2
5,field,2
5,fiance,2
5,fence,2
5,fedex,2
5,feat,2
5,fear,2
5,fare,2
5,factory,2
5,facility,2
5,fab,2
5,eyelash,2
5,extra,2
5,extend,2
5,express,2
5,explain,2
5,expire,2
5,experiment,2
5,expensive,2
5,exercise,2
5,excess,2
5,excellant,2
5,evaporation,2
5,estado,2
5,escentuals,2
5,endure,2
5,encourage,2
5,emergency,2
5,edition,2
5,edit,2
5,economics,2
5,ebay,2
5,east,2
5,dy,2
5,durabilty,2
5,duper,2
5,dunno,2
5,duct,2
5,duck,2
5,dryier,2
5,driver,2
5,drip,2
5,driers,2
5,dreadlock,2
5,draw,2
5,dollop,2
5,doll,2
5,doa,2
5,distribution,2
5,disney,2
5,disadvantage,2
5,directions,2
5,difusser,2
5,difuser,2
5,diego,2
5,dial,2
5,dht,2
5,dey,2
5,develop,2
5,detach,2
5,destination,2
5,desk,2
5,designer,2
5,desde,2
5,department,2
5,density,2
5,dense,2
5,delicate,2
5,deliberate,2
5,degree,2
5,default,2
5,decor,2
5,debate,2
5,deals,2
5,darn,2
5,dangle,2
5,danger,2
5,dang,2
5,damn,2
5,d3710,2
5,d3190a,2
5,cuz,2
5,currency,2
5,curls,2
5,cure,2
5,cumbersome,2
5,cringe,2
5,crank,2
5,courtyard,2
5,cotton,2
5,corner,2
5,copy,2
5,cooling,2
5,conversion,2
5,content,2
5,consume,2
5,connector,2
5,connection,2
5,congratulate,2
5,configuration,2
5,conditioners,2
5,concept,2
5,compra,2
5,compartment,2
5,companion,2
5,compactness,2
5,commit,2
5,comfy,2
5,combo,2
5,colors,2
5,colorful,2
5,cologne,2
5,collector,2
5,coarser,2
5,clothing,2
5,close,2
5,clog,2
5,cling,2
5,clairol,2
5,city,2
5,circulation,2
5,chocolate,2
5,chick,2
5,chew,2
5,cheery,2
5,cheaply,2
5,ceramic,2
5,celsius,2
5,caveat,2
5,caution,2
5,caught,2
5,careful,2
5,candle,2
5,camry,2
5,calm,2
5,california,2
5,cabin,2
5,buzz,2
5,butt,2
5,burning,2
5,bump,2
5,bum,2
5,bullet,2
5,buildup,2
5,brother,2
5,brittle,2
5,brilliance,2
5,brick,2
5,boxer,2
5,bounce,2
5,botton,2
5,booklet,2
5,boat,2
5,blush,2
5,blessing,2
5,bless,2
5,blanket,2
5,bite,2
5,biosilk,2
5,bingo,2
5,beware,2
5,bella,2
5,believer,2
5,believe,2
5,beaty,2
5,beachy,2
5,bday,2
5,bc,2
5,barbie,2
5,barbershop,2
5,ball,2
5,backwards,2
5,australia,2
5,aunt,2
5,attract,2
5,attendant,2
5,attatchments,2
5,assume,2
5,aspect,2
5,artist,2
5,aroma,2
5,appointment,2
5,apple,2
5,anytime,2
5,anti,2
5,ankle,2
5,ambient,2
5,allot,2
5,alarm,2
5,al,2
5,airline,2
5,afraid,2
5,advice,2
5,adequate,2
5,acne,2
5,achieve,2
5,accurate,2
5,accord,2
5,aacute,2
5,aa,2
5,zzzzzzzzzzzz,1
5,zzzzzz,1
5,zoom,1
5,zilch,1
5,zero,1
5,zealand,1
5,zadro,1
5,yuck,1
5,yowl,1
5,younamazon,1
5,yippee,1
5,yield,1
5,yhe,1
5,yea,1
5,yayyyyyyyyyy,1
5,yank,1
5,yaears,1
5,xoxo,1
5,xd,1
5,x3,1
5,wth,1
5,writer,1
5,wrinkle,1
5,wrer,1
5,wound,1
5,worthless,1
5,workplace,1
5,working,1
5,worka,1
5,wore,1
5,wookie,1
5,woody,1
5,woodbridge,1
5,wone,1
5,wonderfull,1
5,women,1
5,woks,1
5,wnc,1
5,withstand,1
5,withouth,1
5,witch,1
5,wishlist,1
5,wish4star,1
5,wisdom,1
5,wiry,1
5,wipe,1
5,wine,1
5,windstorm,1
5,winder,1
5,wince,1
5,wimpy,1
5,wildness,1
5,wild,1
5,wiith,1
5,wiggle,1
5,whooooooooosh,1
5,whoa,1
5,whirl,1
5,whio,1
5,whiney,1
5,whim,1
5,wheeeeeeeeesh,1
5,wheeeeeeee,1
5,wheat,1
5,whats,1
5,whatnot,1
5,whatever,1
5,wet2straight,1
5,wesselmann,1
5,weirdo,1
5,weird,1
5,wedding,1
5,web,1
5,wears,1
5,waterproof,1
5,watercolor,1
5,washington,1
5,warrantee,1
5,warrant,1
5,warehouse,1
5,war,1
5,wand,1
5,wallpaper,1
5,walll,1
5,wales,1
5,wal,1
5,wail,1
5,wagner,1
5,waaay,1
5,waaaay,1
5,wa,1
5,vulcano,1
5,vs781,1
5,vry,1
5,vrbo,1
5,vote,1
5,vortex,1
5,voodoo,1
5,volumizer,1
5,volumize,1
5,voila,1
5,vogue,1
5,vivid,1
5,vitamin,1
5,vitality,1
5,vision,1
5,vise,1
5,viola,1
5,vine,1
5,viewer,1
5,vickie,1
5,vibrate,1
5,verse,1
5,versatility,1
5,verry,1
5,verrry,1
5,veqtwrvrv,1
5,venture,1
5,ventilator,1
5,venice,1
5,venezuela,1
5,vendedores,1
5,vendedor,1
5,velvet,1
5,velour,1
5,vargas,1
5,vapor,1
5,vale,1
5,vain,1
5,vaca,1
5,va,1
5,utilize,1
5,utility,1
5,ussesfull,1
5,uses,1
5,usa,1
5,upstairs,1
5,upon,1
5,unwieldy,1
5,untangles,1
5,unpack,1
5,understanding,1
5,underneath,1
5,undergoes,1
5,unclutter,1
5,unbalance,1
5,ukta,1
5,uber,1
5,ty,1
5,tx,1
5,twistouts,1
5,twister,1
5,tweenagers,1
5,tuts,1
5,turns,1
5,turbine,1
5,tuck,1
5,tubs,1
5,trooper,1
5,trips,1
5,trifecta,1
5,trial,1
5,tresemme,1
5,trays,1
5,travels,1
5,traveller,1
5,trash,1
5,translate,1
5,transformator,1
5,transfer,1
5,transaccion,1
5,trank,1
5,trail,1
5,trading,1
5,tractor,1
5,tp,1
5,toxic,1
5,townhouse,1
5,townhome,1
5,tower,1
5,tow,1
5,tout,1
5,tourmalina,1
5,toumaline,1
5,torumaliine,1
5,torture,1
5,tops,1
5,tootsies,1
5,toothbrushes,1
5,toolbox,1
5,tons,1
5,toniro,1
5,tonight,1
5,tongue,1
5,tommy,1
5,toll,1
5,toenail,1
5,toddler,1
5,toap,1
5,tlc,1
5,tj,1
5,tissues,1
5,tiresome,1
5,tiny,1
5,tinnitus,1
5,timing,1
5,tile,1
5,til,1
5,tier,1
5,tienda,1
5,tiempos,1
5,tiempo,1
5,tidiness,1
5,tickle,1
5,ti,1
5,ths,1
5,thru,1
5,thread,1
5,though,1
5,thise,1
5,thinking,1
5,thingy,1
5,thik,1
5,thi,1
5,thermostat,1
5,thermal,1
5,theres,1
5,therefore,1
5,therapy,1
5,theme,1
5,thatthe,1
5,thatn,1
5,thanx,1
5,thankful,1
5,tha,1
5,testosterone,1
5,testify,1
5,testament,1
5,territory,1
5,tent,1
5,tennis,1
5,tennessee,1
5,tengo,1
5,tends,1
5,tempt,1
5,temps,1
5,template,1
5,temper,1
5,tempature,1
5,teh,1
5,teenie,1
5,teenager,1
5,tee,1
5,tecnolog,1
5,techniques,1
5,tech,1
5,tease,1
5,teach,1
5,taught,1
5,tan,1
5,tames,1
5,tamer,1
5,taller,1
5,tacks,1
5,tackle,1
5,tabletop,1
5,t3s,1
5,swoop,1
5,swivel,1
5,switching,1
5,switcheroo,1
5,swing,1
5,swimming,1
5,swim,1
5,swift,1
5,sweeter,1
5,sweet,1
5,swear,1
5,survive,1
5,surroundings,1
5,surprising,1
5,surpass,1
5,surge,1
5,supplies,1
5,supplement,1
5,supper,1
5,superstar,1
5,superhot,1
5,superfast,1
5,summery,1
5,sum,1
5,suits,1
5,suites,1
5,suggestion,1
5,suffers,1
5,sucker,1
5,submit,1
5,subject,1
5,sub,1
5,suave,1
5,stylish,1
5,styleability,1
5,styilst,1
5,styff,1
5,stuffer,1
5,study,1
5,stud,1
5,structure,1
5,string,1
5,street,1
5,stratford,1
5,strap,1
5,straightner,1
5,straightforward,1
5,straightens,1
5,stone,1
5,stge,1
5,stewart,1
5,steward,1
5,sterilization,1
5,stepmom,1
5,stays,1
5,staticy,1
5,stash,1
5,starvation,1
5,starlight,1
5,standards,1
5,stamen,1
5,stair,1
5,staightens,1
5,stage,1
5,stack,1
5,ssonas,1
5,squeeze,1
5,squeal,1
5,square,1
5,spouse,1
5,sport,1
5,spoil,1
5,splash,1
5,spite,1
5,spiral,1
5,spill,1
5,spikes,1
5,spice,1
5,spent,1
5,speedy,1
5,specs,1
5,spec,1
5,sparkly,1
5,spanning,1
5,span,1
5,soy,1
5,south,1
5,source,1
5,sounds,1
5,sorta,1
5,soory,1
5,someday,1
5,solves,1
5,solid,1
5,sojourn,1
5,soggy,1
5,software,1
5,softer,1
5,softens,1
5,soft,1
5,soar,1
5,snug,1
5,snow,1
5,snag,1
5,smudge,1
5,smoothe,1
5,smoky,1
5,smithereens,1
5,smith,1
5,smiles,1
5,slowly,1
5,slop,1
5,slim,1
5,slider,1
5,slick,1
5,slice,1
5,slender,1
5,slection,1
5,slap,1
5,sixty,1
5,sits,1
5,sisters,1
5,singapore,1
5,sincerity,1
5,sinceit,1
5,simplicity,1
5,simliar,1
5,similarity,1
5,silverbird,1
5,silkiness,1
5,silicone,1
5,silicon,1
5,silence,1
5,siente,1
5,sidewalk,1
5,sick,1
5,shuts,1
5,shrinkage,1
5,shrill,1
5,shriek,1
5,shout,1
5,shound,1
5,shortie,1
5,shorten,1
5,shortcut,1
5,shopper,1
5,shoot,1
5,shocker,1
5,shmancy,1
5,shirt,1
5,shipwreck,1
5,shipper,1
5,shinier,1
5,shin,1
5,shimmer,1
5,sheik,1
5,sheer,1
5,shave,1
5,shaun,1
5,sharper,1
5,shampoos,1
5,shame,1
5,shake,1
5,shaft,1
5,sexy,1
5,sew,1
5,sever,1
5,setup,1
5,settimgs,1
5,sets,1
5,seton,1
5,setlle,1
5,setings,1
5,sesame,1
5,services,1
5,serve,1
5,seriouskl,1
5,series,1
5,september,1
5,sept,1
5,sensor,1
5,selectiion,1
5,seek,1
5,seco,1
5,seche,1
5,secador,1
5,seca,1
5,sec,1
5,seborrhoeic,1
5,seattle,1
5,sears,1
5,sea,1
5,scuba,1
5,screws,1
5,screamer,1
5,scratchy,1
5,scrap,1
5,scotch,1
5,scoop,1
5,savannah,1
5,saturday,1
5,satisfactory,1
5,satin,1
5,sasson,1
5,sasoon,1
5,sano,1
5,sanitation,1
5,salva,1
5,salute,1
5,saloon,1
5,salons,1
5,sallies,1
5,sais,1
5,safty,1
5,sad,1
5,rv544,1
5,runs,1
5,runny,1
5,running,1
5,rummage,1
5,ruin,1
5,rug,1
5,rubberize,1
5,rr,1
5,roy,1
5,row,1
5,rough,1
5,rotator,1
5,roseli,1
5,rosa,1
5,roomy,1
5,rooms,1
5,romanian,1
5,rollersets,1
5,rollers,1
5,rollerball,1
5,rod,1
5,rocks,1
5,robust,1
5,robe,1
5,roast,1
5,river,1
5,ritz,1
5,rinse,1
5,rings,1
5,ringlet,1
5,ringer,1
5,rimini,1
5,righties,1
5,ribbon,1
5,ri,1
5,rhode,1
5,rhinestone,1
5,rewinds,1
5,reward,1
5,revo,1
5,revival,1
5,revew,1
5,reverse,1
5,revelation,1
5,reveal,1
5,revalon,1
5,reunite,1
5,retracks,1
5,retire,1
5,retail,1
5,restrict,1
5,response,1
5,responsabilidad,1
5,respells,1
5,resource,1
5,resolve,1
5,resist,1
5,resident,1
5,residence,1
5,reside,1
5,reserve,1
5,resellers,1
5,reseach,1
5,repurchase,1
5,reprimand,1
5,reposition,1
5,replicate,1
5,repetitive,1
5,repeat,1
5,reparacion,1
5,repaint,1
5,rep,1
5,reorder,1
5,renovate,1
5,renate,1
5,rename,1
5,removable,1
5,remingtons,1
5,reminder,1
5,remember,1
5,remedy,1
5,relizar,1
5,relieve,1
5,relaxer,1
5,regulate,1
5,regrow,1
5,region,1
5,regimen,1
5,regime,1
5,regenerist,1
5,regalo,1
5,regalado,1
5,regain,1
5,refrigerator,1
5,reflect,1
5,reference,1
5,redness,1
5,redibreeze,1
5,redesign,1
5,recomendet,1
5,recomend,1
5,recliner,1
5,recipient,1
5,recipe,1
5,recess,1
5,receiver,1
5,reccommend,1
5,recapture,1
5,reattach,1
5,reassurance,1
5,reasobable,1
5,realidad,1
5,react,1
5,rc,1
5,ray,1
5,rapida,1
5,rail,1
5,racket,1
5,rack,1
5,race,1
5,ra,1
5,quote,1
5,quirk,1
5,queiter,1
5,quarter,1
5,quantum,1
5,qualify,1
5,qr3,1
5,qq,1
5,qaulity,1
5,pwer,1
5,puts,1
5,purchasing,1
5,purchaser,1
5,puny,1
5,pumice,1
5,pullout,1
5,pulling,1
5,puff,1
5,puddle,1
5,publish,1
5,publication,1
5,prpduct,1
5,proximity,1
5,providence,1
5,proud,1
5,protein,1
5,protectant,1
5,prostyle,1
5,proportion,1
5,proporciona,1
5,prop,1
5,pronto,1
5,promptness,1
5,prominent,1
5,prolong,1
5,program,1
5,profile,1
5,proficient,1
5,problems,1
5,problema,1
5,pro,1
5,prince,1
5,primp,1
5,pricing,1
5,prices,1
5,priceless,1
5,previsto,1
5,preview,1
5,prevention,1
5,prespire,1
5,prep,1
5,preformance,1
5,predacessor,1
5,precise,1
5,preciosa,1
5,precede,1
5,prduct,1
5,practico,1
5,practicality,1
5,ppwer,1
5,pp,1
5,powdery,1
5,pouch,1
5,possess,1
5,positives,1
5,portland,1
5,portable,1
5,porch,1
5,por,1
5,poofy,1
5,poodle,1
5,ponytail,1
5,politician,1
5,policy,1
5,poker,1
5,poke,1
5,pointy,1
5,poece,1
5,pocket,1
5,plus,1
5,plumb,1
5,pluck,1
5,pleasing,1
5,plea,1
5,playing,1
5,plasticky,1
5,plant,1
5,planet,1
5,plane,1
5,pj,1
5,pity,1
5,pitching,1
5,pinpoint,1
5,pill,1
5,pile,1
5,pik,1
5,pig,1
5,pida,1
5,pictures,1
5,picky,1
5,pibb,1
5,philps,1
5,phillps,1
5,philips,1
5,philip,1
5,phile,1
5,pharmacy,1
5,pertain,1
5,peroxyl,1
5,peroxide,1
5,permeates,1
5,perk,1
5,performing,1
5,performace,1
5,pensacola,1
5,pennie,1
5,penetrate,1
5,pefecter,1
5,pediatrics,1
5,pebco,1
5,peasy,1
5,peak,1
5,peace,1
5,paycheck,1
5,paul,1
5,patience,1
5,pat,1
5,paso,1
5,pas,1
5,particulate,1
5,particularyl,1
5,park,1
5,parent,1
5,parameter,1
5,paragraph,1
5,panasonics,1
5,panasonic,1
5,pamper,1
5,palsy,1
5,palette,1
5,pale,1
5,pads,1
5,packs,1
5,packing,1
5,packability,1
5,overtime,1
5,overstock,1
5,oversight,1
5,overs,1
5,overpower,1
5,overlook,1
5,overload,1
5,overlay,1
5,overjoy,1
5,overdone,1
5,overcook,1
5,ovente,1
5,oval,1
5,outs,1
5,outlast,1
5,outdoors,1
5,outdo,1
5,outcome,1
5,ot,1
5,oscillate,1
5,oscar,1
5,orleans,1
5,orlando,1
5,original,1
5,organize,1
5,ordeal,1
5,options,1
5,opt,1
5,opi,1
5,operator,1
5,opening,1
5,oove,1
5,ooooooooooo,1
5,oooooood,1
5,oooo,1
5,onset,1
5,ones,1
5,ole,1
5,okie,1
5,oiliness,1
5,offset,1
5,offers,1
5,occupies,1
5,occassions,1
5,obagi,1
5,oak,1
5,oacute,1
5,o_o,1
5,nylon,1
5,nuzzle,1
5,nursery,1
5,nuff,1
5,nt9110,1
5,nozzles,1
5,novelty,1
5,notification,1
5,notes,1
5,north,1
5,norm,1
5,nope,1
5,nobody,1
5,nj,1
5,nite,1
5,nin,1
5,nighters,1
5,nieghbors,1
5,niece,1
5,negligence,1
5,negatives,1
5,needless,1
5,needle,1
5,necessity,1
5,nebraska,1
5,navigate,1
5,nature,1
5,naples,1
5,nanoe,1
5,na,1
5,myth,1
5,mystery,1
5,myall,1
5,muzzle,1
5,mustela,1
5,muss,1
5,muse,1
5,multiples,1
5,mucho,1
5,mske,1
5,mri,1
5,mr,1
5,movie,1
5,mouth,1
5,mounts,1
5,mounting,1
5,mothers,1
5,motels,1
5,moss,1
5,mortar,1
5,moroccanoil,1
5,mop,1
5,moon,1
5,mood,1
5,months,1
5,monday,1
5,moms,1
5,momma,1
5,moisturizers,1
5,moist,1
5,mobilize,1
5,mo20ufht4c35874,1
5,mnay,1
5,ml,1
5,mk_ll,1
5,mixture,1
5,mix,1
5,mitchell,1
5,misuse,1
5,misplace,1
5,mishap,1
5,minuscule,1
5,minus,1
5,minuites,1
5,minty,1
5,mint,1
5,milwaukee,1
5,miles,1
5,mileage,1
5,mile,1
5,mild,1
5,midst,1
5,midlength,1
5,micropore,1
5,mickey,1
5,michigan,1
5,michael,1
5,mica,1
5,mgm,1
5,message,1
5,merkur,1
5,merit,1
5,merchandise,1
5,menace,1
5,membership,1
5,mejor,1
5,meets,1
5,mediocre,1
5,medicine,1
5,mechanic,1
5,measurement,1
5,meaning,1
5,maxx,1
5,maximum,1
5,maximize,1
5,maui,1
5,maturity,1
5,mature,1
5,materials,1
5,mater,1
5,matchy,1
5,masculine,1
5,marriots,1
5,marriot,1
5,marquis,1
5,maroon,1
5,markup,1
5,mariott,1
5,march,1
5,marathon,1
5,mar,1
5,map,1
5,manuver,1
5,manufacturing,1
5,manual,1
5,manager,1
5,manageability,1
5,mama,1
5,mall,1
5,maggie,1
5,lush,1
5,lubricate,1
5,loveeeeeeeeee,1
5,lovedd,1
5,louis,1
5,loudness,1
5,loudd,1
5,los,1
5,loosen,1
5,looove,1
5,looooove,1
5,looker,1
5,loofah,1
5,long,1
5,london,1
5,lolol,1
5,log,1
5,lodging,1
5,lodge,1
5,locs,1
5,localize,1
5,lobe,1
5,lives,1
5,live,1
5,littler,1
5,liters,1
5,lit,1
5,liquid,1
5,lipgloss,1
5,linger,1
5,linda,1
5,lime,1
5,likke,1
5,liking,1
5,likey,1
5,likeness,1
5,like,1
5,lights,1
5,lifesaver,1
5,lifeline,1
5,lickidy,1
5,license,1
5,liability,1
5,li,1
5,leveling,1
5,lets,1
5,lesson,1
5,less,1
5,lend,1
5,leiu,1
5,legacy,1
5,leftover,1
5,lee,1
5,leap,1
5,leakage,1
5,leak,1
5,leader,1
5,lead,1
5,lb,1
5,lavei,1
5,lavanilla,1
5,lava,1
5,launch,1
5,latin,1
5,lamp,1
5,laden,1
5,kurukuru,1
5,konks,1
5,knack,1
5,kk,1
5,kitty,1
5,kingdom,1
5,kids,1
5,kickback,1
5,keyboard,1
5,kempf,1
5,kaput,1
5,kapalua,1
5,kansas,1
5,jw,1
5,justice,1
5,junk,1
5,jungle,1
5,june,1
5,junction,1
5,july,1
5,juice,1
5,judgement,1
5,jsut,1
5,joy,1
5,jovi,1
5,journey,1
5,jojoba,1
5,jobbie,1
5,jim,1
5,jewel,1
5,jerson,1
5,jeopardy,1
5,jennifer,1
5,jar,1
5,j,1
5,iwork,1
5,ivory,1
5,ive,1
5,itr,1
5,itme,1
5,itis,1
5,iteration,1
5,itdries,1
5,isthe,1
5,israel,1
5,island,1
5,irritation,1
5,irritate,1
5,ions,1
5,inventory,1
5,invent,1
5,intimidate,1
5,intention,1
5,intent,1
5,insulator,1
5,instrument,1
5,installs,1
5,insight,1
5,insecure,1
5,ins,1
5,inquire,1
5,input,1
5,inlet,1
5,inlaw,1
5,injury,1
5,inhibitor,1
5,infuse,1
5,inform,1
5,inflict,1
5,infiniti,1
5,induction,1
5,induce,1
5,indoor,1
5,indicator,1
5,indicado,1
5,indianapolis,1
5,index,1
5,incredibly,1
5,inconvenient,1
5,inconsistency,1
5,income,1
5,inclusion,1
5,incentive,1
5,incense,1
5,improve,1
5,impressive,1
5,impeller,1
5,impatient,1
5,ilovesanta,1
5,ilghtweight,1
5,ignorance,1
5,iceland,1
5,ice,1
5,iacute,1
5,hygienist,1
5,hygiene,1
5,hydrogen,1
5,hyatt,1
5,hwr,1
5,hve,1
5,hush,1
5,hundreds,1
5,hundo,1
5,huey,1
5,hrrrrrrrrrrrrrr,1
5,houses,1
5,housemate,1
5,housekeeper,1
5,housebound,1
5,hottttt,1
5,hotness,1
5,horsepower,1
5,horrid,1
5,hormone,1
5,hor,1
5,hopeful,1
5,hooks,1
5,honeycomb,1
5,honey,1
5,honesty,1
5,honestidad,1
5,honest,1
5,holy,1
5,holland,1
5,holiday,1
5,hogwash,1
5,hog,1
5,history,1
5,hirt,1
5,hilfiger,1
5,highlight,1
5,hide,1
5,hidden,1
5,hh320lr,1
5,hh,1
5,hes,1
5,herstyler,1
5,hermione,1
5,henna,1
5,hence,1
5,helpful,1
5,helen,1
5,helds,1
5,heist,1
5,heaviness,1
5,heavier,1
5,heatsettings,1
5,heath,1
5,heater,1
5,heard,1
5,headband,1
5,hazard,1
5,hay,1
5,hav,1
5,hat,1
5,hasent,1
5,harm,1
5,hari,1
5,harder,1
5,happyat,1
5,happyaddict,1
5,happens,1
5,hangup,1
5,hangin,1
5,handwork,1
5,handles,1
5,handhelds,1
5,hallway,1
5,hairy,1
5,hairnobyl,1
5,hairline,1
5,haire,1
5,hairdyer,1
5,hairdrier,1
5,hairblower,1
5,hai,1
5,hahaha,1
5,haet,1
5,hack,1
5,hace,1
5,h2o,1
5,gyp,1
5,gymnastics,1
5,guys,1
5,gusto,1
5,gum,1
5,gulf,1
5,guitar,1
5,guide,1
5,guerlain,1
5,guarantee,1
5,growth,1
5,group,1
5,gripe,1
5,grevery,1
5,greg,1
5,graveyard,1
5,grateful,1
5,grass,1
5,grasp,1
5,grap,1
5,granger,1
5,grandson,1
5,grandma,1
5,grandkids,1
5,granddaugher,1
5,grandchild,1
5,grandbabies,1
5,grammar,1
5,grain,1
5,grail,1
5,graduation,1
5,graduate,1
5,grader,1
5,gracias,1
5,gouche,1
5,gotten,1
5,got,1
5,gorda,1
5,goody,1
5,goods,1
5,goning,1
5,goldendoodle,1
5,goin,1
5,god,1
5,glowy,1
5,glove,1
5,glossy,1
5,gloss,1
5,glory,1
5,gleam,1
5,glance,1
5,girlie,1
5,girlfreind,1
5,gir,1
5,ginga,1
5,gim,1
5,gilt,1
5,gilmore,1
5,gifts,1
5,ghd,1
5,gg,1
5,gfc,1
5,georgia,1
5,gentile,1
5,generation,1
5,gee,1
5,gear,1
5,gazillion,1
5,gaws,1
5,gaudy,1
5,gasoline,1
5,gas,1
5,garnier,1
5,garden,1
5,garage,1
5,gallon,1
5,gala,1
5,gal,1
5,gaget,1
5,g,1
5,fuzeion,1
5,futuras,1
5,fusion,1
5,furniture,1
5,furnace,1
5,funnel,1
5,funky,1
5,functions,1
5,functional,1
5,funciona,1
5,fulture,1
5,fuller,1
5,fulfil,1
5,fuel,1
5,frustration,1
5,frustrate,1
5,frou,1
5,frizzzzz,1
5,frizzes,1
5,fritz,1
5,frill,1
5,friction,1
5,freshen,1
5,freez,1
5,frankly,1
5,fragerance,1
5,fr,1
5,forte,1
5,formulation,1
5,formula,1
5,forgot,1
5,forceful,1
5,footstep,1
5,footprint,1
5,follow,1
5,folder,1
5,fohn,1
5,foam,1
5,flyway,1
5,fluctuate,1
5,flowery,1
5,flexibility,1
5,flattery,1
5,flame,1
5,flak,1
5,fizz,1
5,fitness,1
5,firmness,1
5,firefighter,1
5,finishing,1
5,fingertips,1
5,fingers,1
5,fingernails,1
5,fingernail,1
5,finesse,1
5,fineness,1
5,finding,1
5,finaly,1
5,fiery,1
5,fgreat,1
5,ff,1
5,ferrari,1
5,feminine,1
5,fekkai,1
5,fees,1
5,february,1
5,features,1
5,feather,1
5,favoret,1
5,fav,1
5,faulty,1
5,fatigue,1
5,fantasy,1
5,fans,1
5,familes,1
5,fam,1
5,faith,1
5,fair,1
5,fahrenheit,1
5,fade,1
5,faceplate,1
5,f,1
5,eyeliner,1
5,eyebrow,1
5,extraordinario,1
5,extentions,1
5,exposure,1
5,explodes,1
5,explanatory,1
5,explanation,1
5,expense,1
5,expediates,1
5,expectancy,1
5,exit,1
5,existent,1
5,existence,1
5,exhaust,1
5,exfoliation,1
5,exfoderm,1
5,exec,1
5,excuse,1
5,excruciate,1
5,exclaim,1
5,excitement,1
5,except,1
5,excellence,1
5,example,1
5,exact,1
5,evolution,1
5,evey,1
5,evev,1
5,evening,1
5,ev,1
5,euciren,1
5,esto,1
5,estimate,1
5,estilistas,1
5,este,1
5,estate,1
5,esta,1
5,escape,1
5,es,1
5,erks,1
5,erase,1
5,era,1
5,er,1
5,equipo,1
5,equip,1
5,equation,1
5,epic,1
5,entry,1
5,enrol,1
5,enjoyment,1
5,enhancer,1
5,engineering,1
5,employment,1
5,employee,1
5,emits,1
5,emission,1
5,emf,1
5,embarrass,1
5,elongate,1
5,ella,1
5,electron,1
5,electrocute,1
5,elbow,1
5,elaborate,1
5,eiffel,1
5,eh,1
5,effortless,1
5,effectivly,1
5,effectiveness,1
5,eeeeee,1
5,eeee,1
5,ee,1
5,education,1
5,edt,1
5,economy,1
5,eat,1
5,easierr,1
5,easer,1
5,dyrer,1
5,dynamo,1
5,dye,1
5,dupe,1
5,duo,1
5,duller,1
5,dull,1
5,duh,1
5,duffle,1
5,dude,1
5,duckbill,1
5,duckback,1
5,ds,1
5,drywall,1
5,dryng,1
5,dryings,1
5,drye,1
5,drybar,1
5,drum,1
5,dropper,1
5,droopy,1
5,drinking,1
5,dress,1
5,dreds,1
5,dredds,1
5,dread,1
5,dray,1
5,draws,1
5,draft,1
5,drab,1
5,dr,1
5,dozen,1
5,downtown,1
5,downfall,1
5,double,1
5,dot,1
5,dorothy,1
5,doorbell,1
5,doohickey,1
5,donut,1
5,donation,1
5,dominicana,1
5,dokie,1
5,dogs,1
5,doggy,1
5,dod,1
5,doctor,1
5,diverter,1
5,diverse,1
5,dive,1
5,ditch,1
5,distributor,1
5,distributer,1
5,distract,1
5,distal,1
5,dissolve,1
5,dissect,1
5,disperse,1
5,dispenser,1
5,dispense,1
5,dislike,1
5,disinfectant,1
5,dish,1
5,discuss,1
5,discreet,1
5,disclosure,1
5,discipation,1
5,disappointment,1
5,disagree,1
5,disability,1
5,dis,1
5,dirt,1
5,director,1
5,dios,1
5,dinosaur,1
5,dinero,1
5,diminish,1
5,dimensions,1
5,dimension,1
5,digress,1
5,diffusser,1
5,diffusor,1
5,diffueser,1
5,differs,1
5,differece,1
5,diesel,1
5,diane,1
5,diamond,1
5,dexterity,1
5,devise,1
5,deva,1
5,deterrant,1
5,determine,1
5,detector,1
5,detangler,1
5,designs,1
5,designate,1
5,deserve,1
5,desea,1
5,described,1
5,dermo,1
5,dermatitis,1
5,dept,1
5,depress,1
5,dent,1
5,demise,1
5,dementia,1
5,dell,1
5,deliverd,1
5,degenerate,1
5,defusser,1
5,defunct,1
5,defrizz,1
5,definitley,1
5,define,1
5,deff,1
5,defect,1
5,def,1
5,decker,1
5,december,1
5,decaprio,1
5,debt,1
5,debris,1
5,debbie,1
5,deaf,1
5,ddrrrrrrrrrrrrr,1
5,dd,1
5,days,1
5,daugthter,1
5,dandy,1
5,dallas,1
5,daily,1
5,dads,1
5,dab,1
5,d79,1
5,cylinder,1
5,customize,1
5,customization,1
5,custom,1
5,cushion,1
5,curves,1
5,curling,1
5,curlies,1
5,curley,1
5,curlers,1
5,cuff,1
5,cu,1
5,ct,1
5,cry,1
5,crunchy,1
5,crunch,1
5,crocodile,1
5,creme,1
5,credit,1
5,creates,1
5,creak,1
5,cranky,1
5,cramp,1
5,cram,1
5,coworker,1
5,cow,1
5,covet,1
5,cousin,1
5,countless,1
5,counterfit,1
5,counterclock,1
5,couldent,1
5,costco,1
5,cosmetology,1
5,corvette,1
5,correspondence,1
5,correctly,1
5,corn,1
5,cords,1
5,cordless,1
5,cordkeeper,1
5,cope,1
5,coon,1
5,cools,1
5,convent,1
5,conveinceof,1
5,contruction,1
5,controls,1
5,context,1
5,constant,1
5,consistent,1
5,consistant,1
5,conjuction,1
5,congrats,1
5,congo,1
5,congeal,1
5,confusion,1
5,confuse,1
5,confront,1
5,confiscate,1
5,confirmation,1
5,confinent,1
5,confession,1
5,cone,1
5,conditio,1
5,condiction,1
5,condiciones,1
5,conclusion,1
5,concise,1
5,concentrater,1
5,compromise,1
5,compre,1
5,complexion,1
5,complement,1
5,complants,1
5,competitor,1
5,competition,1
5,compensate,1
5,compactability,1
5,community,1
5,command,1
5,comfortably,1
5,comfortable,1
5,combustion,1
5,combinatuion,1
5,columbus,1
5,colorant,1
5,collegen,1
5,collect,1
5,colleague,1
5,collapse,1
5,coin,1
5,coffret,1
5,coffee,1
5,coconut,1
5,cobweb,1
5,coating,1
5,coaster,1
5,coast,1
5,coal,1
5,coach,1
5,co,1
5,clue,1
5,clouds,1
5,cloth,1
5,closeout,1
5,clone,1
5,clock,1
5,climb,1
5,clients,1
5,clientele,1
5,clerk,1
5,clearing,1
5,cleanser,1
5,cleanse,1
5,cleaner,1
5,classy,1
5,clasp,1
5,clark,1
5,clarify,1
5,clamp,1
5,cite,1
5,circumstance,1
5,circulate,1
5,circle,1
5,circa,1
5,chuckle,1
5,chrome,1
5,chop,1
5,chinese,1
5,chin,1
5,chill,1
5,chile,1
5,chihuahua,1
5,chickens,1
5,chest,1
5,cheetah,1
5,cheerful,1
5,cheer,1
5,cheapy,1
5,cheapest,1
5,character,1
5,champ,1
5,challenge,1
5,ceramics,1
5,cer,1
5,century,1
5,centric,1
5,cell,1
5,cedar,1
5,cc,1
5,cavanagh,1
5,catalog,1
5,castille,1
5,cast,1
5,casino,1
5,cartridge,1
5,cartilage,1
5,carrying,1
5,carrier,1
5,carpel,1
5,carpal,1
5,carnival,1
5,carley,1
5,caribbean,1
5,caps,1
5,cancun,1
5,canada,1
5,camp,1
5,calmer,1
5,calidad,1
5,caliber,1
5,cake,1
5,cadillac,1
5,caddy,1
5,cada,1
5,cabnit,1
5,cabello,1
5,cab,1
5,bypass,1
5,bye,1
5,buttoms,1
5,buttom,1
5,butter,1
5,bushy,1
5,bush,1
5,bunbeam,1
5,bulletproof,1
5,built,1
5,buena,1
5,bt,1
5,brushes,1
5,brusheads,1
5,brown,1
5,brookstone,1
5,bronze,1
5,broken,1
5,brilliant,1
5,brightness,1
5,briefcase,1
5,brief,1
5,bride,1
5,breath,1
5,breast,1
5,breakthrough,1
5,breakdown,1
5,bravo,1
5,brake,1
5,brainer,1
5,brain,1
5,bra,1
5,bowl,1
5,bottomline,1
5,bore,1
5,boost,1
5,boondock,1
5,bone,1
5,bon,1
5,boast,1
5,boar,1
5,blurb,1
5,blowtorch,1
5,blowouts,1
5,blowdrying,1
5,blowdries,1
5,blood,1
5,blonder,1
5,blip,1
5,blind,1
5,blica,1
5,bleed,1
5,blandness,1
5,blame,1
5,biweekly,1
5,bio,1
5,bin,1
5,best,1
5,bespoke,1
5,besides,1
5,belgium,1
5,beigey,1
5,beige,1
5,beet,1
5,beeswax,1
5,beer,1
5,bedhead,1
5,becuase,1
5,beautydepot,1
5,beautiy,1
5,beautician,1
5,bean,1
5,bb,1
5,bay,1
5,bathrooms,1
5,bathers,1
5,basket,1
5,basic,1
5,barona,1
5,barn,1
5,barber,1
5,barbara,1
5,baldness,1
5,baggage,1
5,backer,1
5,babel,1
5,b004q6lvaw,1
5,b004q6jl04,1
5,b004461zl4,1
5,b002rc8imq,1
5,b001ue7d32,1
5,b001mbr4u0,1
5,b001cjj5wc,1
5,b000x2ucjo,1
5,b000rzll38,1
5,b0009xh6v4,1
5,b00005o0mz,1
5,b00004ti25,1
5,azelaic,1
5,axis,1
5,awesomeness,1
5,avenue,1
5,availability,1
5,avail,1
5,autumn,1
5,august,1
5,augment,1
5,auction,1
5,attribute,1
5,attchatment,1
5,attatchment,1
5,attack,1
5,attachement,1
5,attachables,1
5,att,1
5,atom,1
5,ater,1
5,atay,1
5,ata,1
5,associate,1
5,assistance,1
5,assist,1
5,asset,1
5,assests,1
5,aspects,1
5,artwork,1
5,art,1
5,array,1
5,arrangement,1
5,arms,1
5,armpit,1
5,armes,1
5,arid,1
5,argue,1
5,areal,1
5,approval,1
5,apply,1
5,applicator,1
5,appliances,1
5,appearence,1
5,apart,1
5,apace,1
5,anyway,1
5,anyones,1
5,anymore,1
5,anyhow,1
5,antonio,1
5,anticipate,1
5,ant,1
5,anotherone,1
5,annoying,1
5,annoyance,1
5,anchors,1
5,analyze,1
5,amuse,1
5,ample,1
5,amperage,1
5,amonia,1
5,ammeter,1
5,america,1
5,amenity,1
5,amend,1
5,amazons,1
5,amazonians,1
5,amazan,1
5,amaon,1
5,alternative,1
5,almond,1
5,allows,1
5,allergic,1
5,alcohol,1
5,alci,1
5,alas,1
5,airy,1
5,airport,1
5,aircraft,1
5,afterwork,1
5,afternoon,1
5,afro,1
5,affords,1
5,affect,1
5,affair,1
5,advertize,1
5,adventure,1
5,adore,1
5,adjustments,1
5,adjustability,1
5,addt,1
5,addict,1
5,adage,1
5,ache,1
5,accumulate,1
5,accomodates,1
5,accent,1
5,ac9096,1
5,ac215c,1
5,ac2015c,1
5,abuse,1
5,absorbs,1
5,absorb,1
5,aboard,1
5,aaajabu,1
5,aaa,1
5,_____,1
5,15minutes,1
5,15mins,1
5,10years,1
5,10mins,1
